ID,Project.Name,Camera.Trap.Name,Latitude,Longitude,Sampling.Event,Photo.Type,Photo.Date,Photo.time,Raw.Name,Class,Order,Family,Genus,Species,Number.of.Animals,Person.Identifying.the.Photo,Camera.Serial.Number,Camera.Start.Date,Camera.End.Date,Person.setting.up.the.Camera,Person.picking.up.the.Camera,Camera.Manufacturer,Camera.Model,Sequence.Info,Moon.Phase,Temperature,Flash,Organization.Name
189,Biomonitoreo participativo ACLAP,CT-ACLAP-2019-2023-TC-01-1,9.12010704,-83.0803525,Tres Colinas - Huacas,Animal,2020-02-02,18:15:38,Tres Colinas_Zorro pelón (2).JPG,MAMMALIA,DIDELPHIMORPHIA,DIDELPHIDAE,Didelphis,marsupialis,1,Jorge Picado,PNUD-Paisajes Productivos,2019-12-21,2020-03-28,,,Bushnell,Trophy Cam HD,,,,0,Brigada Tres Colinas
190,Biomonitoreo participativo ACLAP,CT-ACLAP-2019-2023-TC-01-1,9.12010704,-83.0803525,Tres Colinas - Huacas,Animal,2020-02-02,18:15:39,Tres Colinas_Zorro pelón (3).JPG,MAMMALIA,DIDELPHIMORPHIA,DIDELPHIDAE,Didelphis,marsupialis,1,Jorge Picado,PNUD-Paisajes Productivos,2019-12-21,2020-03-28,,,Bushnell,Trophy Cam HD,,,,0,Brigada Tres Colinas
191,Biomonitoreo participativo ACLAP,CT-ACLAP-2019-2023-TC-01-1,9.12010704,-83.0803525,Tres Colinas - Huacas,Animal,2020-02-02,18:15:39,Tres Colinas_Zorro pelón (4).JPG,MAMMALIA,DIDELPHIMORPHIA,DIDELPHIDAE,Didelphis,marsupialis,1,Jorge Picado,PNUD-Paisajes Productivos,2019-12-21,2020-03-28,,,Bushnell,Trophy Cam HD,,,,0,Brigada Tres Colinas
192,Biomonitoreo participativo ACLAP,CT-ACLAP-2019-2023-TC-01-1,9.12010704,-83.0803525,Tres Colinas - Huacas,Animal,2020-02-04,20:29:04,Tres Colinas_Danta (2).JPG,MAMMALIA,PERISSODACTYLA,TAPIRIDAE,Tapirus,bairdii,1,Jorge Picado,PNUD-Paisajes Productivos,2019-12-21,2020-03-28,,,Bushnell,Trophy Cam HD,,,,0,Brigada Tres Colinas
193,Biomonitoreo participativo ACLAP,CT-ACLAP-2019-2023-TC-01-1,9.12010704,-83.0803525,Tres Colinas - Huacas,Animal,2020-02-04,20:29:05,Tres Colinas_Danta (3).JPG,MAMMALIA,PERISSODACTYLA,TAPIRIDAE,Tapirus,bairdii,1,Jorge Picado,PNUD-Paisajes Productivos,2019-12-21,2020-03-28,,,Bushnell,Trophy Cam HD,,,,0,Brigada Tres Colinas
194,Biomonitoreo participativo ACLAP,CT-ACLAP-2019-2023-TC-01-1,9.12010704,-83.0803525,Tres Colinas - Huacas,Animal,2020-02-04,20:29:05,Tres Colinas_Danta (4).JPG,MAMMALIA,PERISSODACTYLA,TAPIRIDAE,Tapirus,bairdii,1,Jorge Picado,PNUD-Paisajes Productivos,2019-12-21,2020-03-28,,,Bushnell,Trophy Cam HD,,,,0,Brigada Tres Colinas
195,Biomonitoreo participativo ACLAP,CT-ACLAP-2019-2023-TC-01-1,9.12010704,-83.0803525,Tres Colinas - Huacas,Animal,2020-02-04,20:29:19,Tres Colinas_Danta (5).JPG,MAMMALIA,PERISSODACTYLA,TAPIRIDAE,Tapirus,bairdii,1,Jorge Picado,PNUD-Paisajes Productivos,2019-12-21,2020-03-28,,,Bushnell,Trophy Cam HD,,,,0,Brigada Tres Colinas
196,Biomonitoreo participativo ACLAP,CT-ACLAP-2019-2023-TC-01-1,9.12010704,-83.0803525,Tres Colinas - Huacas,Animal,2020-02-04,20:29:20,Tres Colinas_Danta (6).JPG,MAMMALIA,PERISSODACTYLA,TAPIRIDAE,Tapirus,bairdii,1,Jorge Picado,PNUD-Paisajes Productivos,2019-12-21,2020-03-28,,,Bushnell,Trophy Cam HD,,,,0,Brigada Tres Colinas
197,Biomonitoreo participativo ACLAP,CT-ACLAP-2019-2023-TC-01-1,9.12010704,-83.0803525,Tres Colinas - Huacas,Animal,2020-02-04,20:29:20,Tres Colinas_Danta (7).JPG,MAMMALIA,PERISSODACTYLA,TAPIRIDAE,Tapirus,bairdii,1,Jorge Picado,PNUD-Paisajes Productivos,2019-12-21,2020-03-28,,,Bushnell,Trophy Cam HD,,,,0,Brigada Tres Colinas
198,Biomonitoreo participativo ACLAP,CT-ACLAP-2019-2023-TC-01-1,9.12010704,-83.0803525,Tres Colinas - Huacas,Animal,2020-02-05,04:20:53,Tres Colinas_Danta (8).JPG,MAMMALIA,PERISSODACTYLA,TAPIRIDAE,Tapirus,bairdii,1,Jorge Picado,PNUD-Paisajes Productivos,2019-12-21,2020-03-28,,,Bushnell,Trophy Cam HD,,,,0,Brigada Tres Colinas
199,Biomonitoreo participativo ACLAP,CT-ACLAP-2019-2023-TC-01-1,9.12010704,-83.0803525,Tres Colinas - Huacas,Animal,2020-02-05,04:21:06,Tres Colinas_Danta (9).JPG,MAMMALIA,PERISSODACTYLA,TAPIRIDAE,Tapirus,bairdii,1,Jorge Picado,PNUD-Paisajes Productivos,2019-12-21,2020-03-28,,,Bushnell,Trophy Cam HD,,,,0,Brigada Tres Colinas
200,Biomonitoreo participativo ACLAP,CT-ACLAP-2019-2023-TC-01-1,9.12010704,-83.0803525,Tres Colinas - Huacas,Animal,2020-02-05,04:21:07,Tres Colinas_Danta (10).JPG,MAMMALIA,PERISSODACTYLA,TAPIRIDAE,Tapirus,bairdii,1,Jorge Picado,PNUD-Paisajes Productivos,2019-12-21,2020-03-28,,,Bushnell,Trophy Cam HD,,,,0,Brigada Tres Colinas
201,Biomonitoreo participativo ACLAP,CT-ACLAP-2019-2023-TC-01-1,9.12010704,-83.0803525,Tres Colinas - Huacas,Animal,2020-02-05,04:21:08,Tres Colinas_Danta (11).JPG,MAMMALIA,PERISSODACTYLA,TAPIRIDAE,Tapirus,bairdii,1,Jorge Picado,PNUD-Paisajes Productivos,2019-12-21,2020-03-28,,,Bushnell,Trophy Cam HD,,,,0,Brigada Tres Colinas
202,Biomonitoreo participativo ACLAP,CT-ACLAP-2019-2023-TC-01-1,9.12010704,-83.0803525,Tres Colinas - Huacas,Animal,2020-02-08,06:20:00,Tres Colinas_Danta (12).JPG,MAMMALIA,PERISSODACTYLA,TAPIRIDAE,Tapirus,bairdii,1,Jorge Picado,PNUD-Paisajes Productivos,2019-12-21,2020-03-28,,,Bushnell,Trophy Cam HD,,,,0,Brigada Tres Colinas
203,Biomonitoreo participativo ACLAP,CT-ACLAP-2019-2023-TC-01-1,9.12010704,-83.0803525,Tres Colinas - Huacas,Animal,2020-02-08,06:20:00,Tres Colinas_Danta (13).JPG,MAMMALIA,PERISSODACTYLA,TAPIRIDAE,Tapirus,bairdii,1,Jorge Picado,PNUD-Paisajes Productivos,2019-12-21,2020-03-28,,,Bushnell,Trophy Cam HD,,,,0,Brigada Tres Colinas
204,Biomonitoreo participativo ACLAP,CT-ACLAP-2019-2023-TC-01-1,9.12010704,-83.0803525,Tres Colinas - Huacas,Animal,2020-02-08,06:20:01,Tres Colinas_Danta (14).JPG,MAMMALIA,PERISSODACTYLA,TAPIRIDAE,Tapirus,bairdii,1,Jorge Picado,PNUD-Paisajes Productivos,2019-12-21,2020-03-28,,,Bushnell,Trophy Cam HD,,,,0,Brigada Tres Colinas
205,Biomonitoreo participativo ACLAP,CT-ACLAP-2019-2023-TC-01-1,9.12010704,-83.0803525,Tres Colinas - Huacas,Animal,2020-02-08,06:20:28,Tres Colinas_Danta (15).JPG,MAMMALIA,PERISSODACTYLA,TAPIRIDAE,Tapirus,bairdii,1,Jorge Picado,PNUD-Paisajes Productivos,2019-12-21,2020-03-28,,,Bushnell,Trophy Cam HD,,,,0,Brigada Tres Colinas
206,Biomonitoreo participativo ACLAP,CT-ACLAP-2019-2023-TC-01-1,9.12010704,-83.0803525,Tres Colinas - Huacas,Animal,2020-02-08,06:20:29,Tres Colinas_Danta (16).JPG,MAMMALIA,PERISSODACTYLA,TAPIRIDAE,Tapirus,bairdii,1,Jorge Picado,PNUD-Paisajes Productivos,2019-12-21,2020-03-28,,,Bushnell,Trophy Cam HD,,,,0,Brigada Tres Colinas
207,Biomonitoreo participativo ACLAP,CT-ACLAP-2019-2023-TC-01-1,9.12010704,-83.0803525,Tres Colinas - Huacas,Animal,2020-02-08,06:20:29,Tres Colinas_Danta (17).JPG,MAMMALIA,PERISSODACTYLA,TAPIRIDAE,Tapirus,bairdii,1,Jorge Picado,PNUD-Paisajes Productivos,2019-12-21,2020-03-28,,,Bushnell,Trophy Cam HD,,,,0,Brigada Tres Colinas
208,Biomonitoreo participativo ACLAP,CT-ACLAP-2019-2023-TC-01-1,9.12010704,-83.0803525,Tres Colinas - Huacas,Animal,2020-02-11,11:58:05,Tres Colinas_Pizote (2).JPG,MAMMALIA,CARNIVORA,PROCYONIDAE,Nasua,narica,1,Jorge Picado,PNUD-Paisajes Productivos,2019-12-21,2020-03-28,,,Bushnell,Trophy Cam HD,,,,0,Brigada Tres Colinas
209,Biomonitoreo participativo ACLAP,CT-ACLAP-2019-2023-TC-01-1,9.12010704,-83.0803525,Tres Colinas - Huacas,Animal,2020-02-11,11:58:05,Tres Colinas_Pizote (3).JPG,MAMMALIA,CARNIVORA,PROCYONIDAE,Nasua,narica,1,Jorge Picado,PNUD-Paisajes Productivos,2019-12-21,2020-03-28,,,Bushnell,Trophy Cam HD,,,,0,Brigada Tres Colinas
210,Biomonitoreo participativo ACLAP,CT-ACLAP-2019-2023-TC-01-1,9.12010704,-83.0803525,Tres Colinas - Huacas,Animal,2020-02-11,11:58:06,Tres Colinas_Pizote (1).JPG,MAMMALIA,CARNIVORA,PROCYONIDAE,Nasua,narica,1,Jorge Picado,PNUD-Paisajes Productivos,2019-12-21,2020-03-28,,,Bushnell,Trophy Cam HD,,,,0,Brigada Tres Colinas
211,Biomonitoreo participativo ACLAP,CT-ACLAP-2019-2023-TC-01-1,9.12010704,-83.0803525,Tres Colinas - Huacas,Animal,2020-02-12,02:29:46,Tres Colinas_Zorro pelón (5).JPG,MAMMALIA,DIDELPHIMORPHIA,DIDELPHIDAE,Didelphis,marsupialis,1,Jorge Picado,PNUD-Paisajes Productivos,2019-12-21,2020-03-28,,,Bushnell,Trophy Cam HD,,,,0,Brigada Tres Colinas
212,Biomonitoreo participativo ACLAP,CT-ACLAP-2019-2023-TC-01-1,9.12010704,-83.0803525,Tres Colinas - Huacas,Animal,2020-02-13,03:29:02,Tres Colinas_Danta (18).JPG,MAMMALIA,PERISSODACTYLA,TAPIRIDAE,Tapirus,bairdii,1,Jorge Picado,PNUD-Paisajes Productivos,2019-12-21,2020-03-28,,,Bushnell,Trophy Cam HD,,,,0,Brigada Tres Colinas
213,Biomonitoreo participativo ACLAP,CT-ACLAP-2019-2023-TC-01-1,9.12010704,-83.0803525,Tres Colinas - Huacas,Animal,2020-02-13,03:29:03,Tres Colinas_Danta (19).JPG,MAMMALIA,PERISSODACTYLA,TAPIRIDAE,Tapirus,bairdii,1,Jorge Picado,PNUD-Paisajes Productivos,2019-12-21,2020-03-28,,,Bushnell,Trophy Cam HD,,,,0,Brigada Tres Colinas
214,Biomonitoreo participativo ACLAP,CT-ACLAP-2019-2023-TC-01-1,9.12010704,-83.0803525,Tres Colinas - Huacas,Animal,2020-02-13,03:29:04,Tres Colinas_Danta (20).JPG,MAMMALIA,PERISSODACTYLA,TAPIRIDAE,Tapirus,bairdii,1,Jorge Picado,PNUD-Paisajes Productivos,2019-12-21,2020-03-28,,,Bushnell,Trophy Cam HD,,,,0,Brigada Tres Colinas
215,Biomonitoreo participativo ACLAP,CT-ACLAP-2019-2023-TC-01-1,9.12010704,-83.0803525,Tres Colinas - Huacas,Animal,2020-02-13,03:29:28,Tres Colinas_Danta (21).JPG,MAMMALIA,PERISSODACTYLA,TAPIRIDAE,Tapirus,bairdii,1,Jorge Picado,PNUD-Paisajes Productivos,2019-12-21,2020-03-28,,,Bushnell,Trophy Cam HD,,,,0,Brigada Tres Colinas
216,Biomonitoreo participativo ACLAP,CT-ACLAP-2019-2023-TC-01-1,9.12010704,-83.0803525,Tres Colinas - Huacas,Animal,2020-02-13,03:29:29,Tres Colinas_Danta (22).JPG,MAMMALIA,PERISSODACTYLA,TAPIRIDAE,Tapirus,bairdii,1,Jorge Picado,PNUD-Paisajes Productivos,2019-12-21,2020-03-28,,,Bushnell,Trophy Cam HD,,,,0,Brigada Tres Colinas
217,Biomonitoreo participativo ACLAP,CT-ACLAP-2019-2023-TC-01-1,9.12010704,-83.0803525,Tres Colinas - Huacas,Animal,2020-02-13,03:29:29,Tres Colinas_Danta (23).JPG,MAMMALIA,PERISSODACTYLA,TAPIRIDAE,Tapirus,bairdii,1,Jorge Picado,PNUD-Paisajes Productivos,2019-12-21,2020-03-28,,,Bushnell,Trophy Cam HD,,,,0,Brigada Tres Colinas
218,Biomonitoreo participativo ACLAP,CT-ACLAP-2019-2023-TC-01-1,9.12010704,-83.0803525,Tres Colinas - Huacas,Animal,2020-02-13,03:29:43,Tres Colinas_Danta (24).JPG,MAMMALIA,PERISSODACTYLA,TAPIRIDAE,Tapirus,bairdii,1,Jorge Picado,PNUD-Paisajes Productivos,2019-12-21,2020-03-28,,,Bushnell,Trophy Cam HD,,,,0,Brigada Tres Colinas
219,Biomonitoreo participativo ACLAP,CT-ACLAP-2019-2023-TC-01-1,9.12010704,-83.0803525,Tres Colinas - Huacas,Animal,2020-02-13,03:29:43,Tres Colinas_Danta (25).JPG,MAMMALIA,PERISSODACTYLA,TAPIRIDAE,Tapirus,bairdii,1,Jorge Picado,PNUD-Paisajes Productivos,2019-12-21,2020-03-28,,,Bushnell,Trophy Cam HD,,,,0,Brigada Tres Colinas
220,Biomonitoreo participativo ACLAP,CT-ACLAP-2019-2023-TC-01-1,9.12010704,-83.0803525,Tres Colinas - Huacas,Animal,2020-02-13,03:29:44,Tres Colinas_Danta (26).JPG,MAMMALIA,PERISSODACTYLA,TAPIRIDAE,Tapirus,bairdii,1,Jorge Picado,PNUD-Paisajes Productivos,2019-12-21,2020-03-28,,,Bushnell,Trophy Cam HD,,,,0,Brigada Tres Colinas
221,Biomonitoreo participativo ACLAP,CT-ACLAP-2019-2023-TC-01-1,9.12010704,-83.0803525,Tres Colinas - Huacas,Animal,2020-02-14,20:12:14,Tres Colinas_Tepezcuintle (2).JPG,MAMMALIA,RODENTIA,CUNICULIDAE,Cuniculus,paca,1,Jorge Picado,PNUD-Paisajes Productivos,2019-12-21,2020-03-28,,,Bushnell,Trophy Cam HD,,,,0,Brigada Tres Colinas
222,Biomonitoreo participativo ACLAP,CT-ACLAP-2019-2023-TC-01-1,9.12010704,-83.0803525,Tres Colinas - Huacas,Animal,2020-02-14,20:12:15,Tres Colinas_Tepezcuintle (3).JPG,MAMMALIA,RODENTIA,CUNICULIDAE,Cuniculus,paca,1,Jorge Picado,PNUD-Paisajes Productivos,2019-12-21,2020-03-28,,,Bushnell,Trophy Cam HD,,,,0,Brigada Tres Colinas
223,Biomonitoreo participativo ACLAP,CT-ACLAP-2019-2023-TC-01-1,9.12010704,-83.0803525,Tres Colinas - Huacas,Animal,2020-02-14,20:12:15,Tres Colinas_Tepezcuintle (4).JPG,MAMMALIA,RODENTIA,CUNICULIDAE,Cuniculus,paca,1,Jorge Picado,PNUD-Paisajes Productivos,2019-12-21,2020-03-28,,,Bushnell,Trophy Cam HD,,,,0,Brigada Tres Colinas
224,Biomonitoreo participativo ACLAP,CT-ACLAP-2019-2023-TC-01-1,9.12010704,-83.0803525,Tres Colinas - Huacas,Animal,2020-02-15,22:44:04,Tres Colinas_Tepezcuintle (5).JPG,MAMMALIA,RODENTIA,CUNICULIDAE,Cuniculus,paca,1,Jorge Picado,PNUD-Paisajes Productivos,2019-12-21,2020-03-28,,,Bushnell,Trophy Cam HD,,,,0,Brigada Tres Colinas
225,Biomonitoreo participativo ACLAP,CT-ACLAP-2019-2023-TC-01-1,9.12010704,-83.0803525,Tres Colinas - Huacas,Animal,2020-02-15,22:44:05,Tres Colinas_Tepezcuintle (6).JPG,MAMMALIA,RODENTIA,CUNICULIDAE,Cuniculus,paca,1,Jorge Picado,PNUD-Paisajes Productivos,2019-12-21,2020-03-28,,,Bushnell,Trophy Cam HD,,,,0,Brigada Tres Colinas
226,Biomonitoreo participativo ACLAP,CT-ACLAP-2019-2023-TC-01-1,9.12010704,-83.0803525,Tres Colinas - Huacas,Animal,2020-02-15,22:44:05,Tres Colinas_Tepezcuintle (7).JPG,MAMMALIA,RODENTIA,CUNICULIDAE,Cuniculus,paca,1,Jorge Picado,PNUD-Paisajes Productivos,2019-12-21,2020-03-28,,,Bushnell,Trophy Cam HD,,,,0,Brigada Tres Colinas
227,Biomonitoreo participativo ACLAP,CT-ACLAP-2019-2023-TC-01-1,9.12010704,-83.0803525,Tres Colinas - Huacas,Animal,2020-02-18,08:42:47,Tres Colinas_Jaguar (2).JPG,MAMMALIA,CARNIVORA,FELIDAE,Panthera,onca,1,Jorge Picado,PNUD-Paisajes Productivos,2019-12-21,2020-03-28,,,Bushnell,Trophy Cam HD,,,,0,Brigada Tres Colinas
228,Biomonitoreo participativo ACLAP,CT-ACLAP-2019-2023-TC-01-1,9.12010704,-83.0803525,Tres Colinas - Huacas,Animal,2020-02-18,08:42:47,Tres Colinas_Jaguar (3).JPG,MAMMALIA,CARNIVORA,FELIDAE,Panthera,onca,1,Jorge Picado,PNUD-Paisajes Productivos,2019-12-21,2020-03-28,,,Bushnell,Trophy Cam HD,,,,0,Brigada Tres Colinas
229,Biomonitoreo participativo ACLAP,CT-ACLAP-2019-2023-TC-01-1,9.12010704,-83.0803525,Tres Colinas - Huacas,Animal,2020-02-18,08:42:48,Tres Colinas_Jaguar (4).JPG,MAMMALIA,CARNIVORA,FELIDAE,Panthera,onca,1,Jorge Picado,PNUD-Paisajes Productivos,2019-12-21,2020-03-28,,,Bushnell,Trophy Cam HD,,,,0,Brigada Tres Colinas
230,Biomonitoreo participativo ACLAP,CT-ACLAP-2019-2023-TC-01-1,9.12010704,-83.0803525,Tres Colinas - Huacas,Animal,2020-02-18,08:43:41,Tres Colinas_Jaguar (5).JPG,MAMMALIA,CARNIVORA,FELIDAE,Panthera,onca,1,Jorge Picado,PNUD-Paisajes Productivos,2019-12-21,2020-03-28,,,Bushnell,Trophy Cam HD,,,,0,Brigada Tres Colinas
231,Biomonitoreo participativo ACLAP,CT-ACLAP-2019-2023-TC-01-1,9.12010704,-83.0803525,Tres Colinas - Huacas,Animal,2020-02-18,08:43:42,Tres Colinas_Jaguar (6).JPG,MAMMALIA,CARNIVORA,FELIDAE,Panthera,onca,1,Jorge Picado,PNUD-Paisajes Productivos,2019-12-21,2020-03-28,,,Bushnell,Trophy Cam HD,,,,0,Brigada Tres Colinas
232,Biomonitoreo participativo ACLAP,CT-ACLAP-2019-2023-TC-01-1,9.12010704,-83.0803525,Tres Colinas - Huacas,Animal,2020-02-18,08:43:43,Tres Colinas_Jaguar (7).JPG,MAMMALIA,CARNIVORA,FELIDAE,Panthera,onca,1,Jorge Picado,PNUD-Paisajes Productivos,2019-12-21,2020-03-28,,,Bushnell,Trophy Cam HD,,,,0,Brigada Tres Colinas
233,Biomonitoreo participativo ACLAP,CT-ACLAP-2019-2023-TC-01-1,9.12010704,-83.0803525,Tres Colinas - Huacas,Animal,2020-02-18,08:45:01,Tres Colinas_Jaguar (8).JPG,MAMMALIA,CARNIVORA,FELIDAE,Panthera,onca,1,Jorge Picado,PNUD-Paisajes Productivos,2019-12-21,2020-03-28,,,Bushnell,Trophy Cam HD,,,,0,Brigada Tres Colinas
235,Biomonitoreo participativo ACLAP,CT-ACLAP-2019-2023-TC-01-1,9.12010704,-83.0803525,Tres Colinas - Huacas,Animal,2020-02-18,08:45:02,Tres Colinas_Jaguar (9).JPG,MAMMALIA,CARNIVORA,FELIDAE,Panthera,onca,1,Jorge Picado,PNUD-Paisajes Productivos,2019-12-21,2020-03-28,,,Bushnell,Trophy Cam HD,,,,0,Brigada Tres Colinas
234,Biomonitoreo participativo ACLAP,CT-ACLAP-2019-2023-TC-01-1,9.12010704,-83.0803525,Tres Colinas - Huacas,Animal,2020-02-18,08:45:02,Tres Colinas_Jaguar (10).JPG,MAMMALIA,CARNIVORA,FELIDAE,Panthera,onca,1,Jorge Picado,PNUD-Paisajes Productivos,2019-12-21,2020-03-28,,,Bushnell,Trophy Cam HD,,,,0,Brigada Tres Colinas
236,Biomonitoreo participativo ACLAP,CT-ACLAP-2019-2023-TC-01-1,9.12010704,-83.0803525,Tres Colinas - Huacas,Animal,2020-02-18,08:45:43,Tres Colinas_Jaguar (11).JPG,MAMMALIA,CARNIVORA,FELIDAE,Panthera,onca,1,Jorge Picado,PNUD-Paisajes Productivos,2019-12-21,2020-03-28,,,Bushnell,Trophy Cam HD,,,,0,Brigada Tres Colinas
237,Biomonitoreo participativo ACLAP,CT-ACLAP-2019-2023-TC-01-1,9.12010704,-83.0803525,Tres Colinas - Huacas,Animal,2020-02-18,08:45:44,Tres Colinas_Jaguar (12).JPG,MAMMALIA,CARNIVORA,FELIDAE,Panthera,onca,1,Jorge Picado,PNUD-Paisajes Productivos,2019-12-21,2020-03-28,,,Bushnell,Trophy Cam HD,,,,0,Brigada Tres Colinas
238,Biomonitoreo participativo ACLAP,CT-ACLAP-2019-2023-TC-01-1,9.12010704,-83.0803525,Tres Colinas - Huacas,Animal,2020-02-18,08:45:44,Tres Colinas_Jaguar (13).JPG,MAMMALIA,CARNIVORA,FELIDAE,Panthera,onca,1,Jorge Picado,PNUD-Paisajes Productivos,2019-12-21,2020-03-28,,,Bushnell,Trophy Cam HD,,,,0,Brigada Tres Colinas
239,Biomonitoreo participativo ACLAP,CT-ACLAP-2019-2023-TC-01-1,9.12010704,-83.0803525,Tres Colinas - Huacas,Animal,2020-02-18,08:47:12,Tres Colinas_Jaguar (14).JPG,MAMMALIA,CARNIVORA,FELIDAE,Panthera,onca,1,Jorge Picado,PNUD-Paisajes Productivos,2019-12-21,2020-03-28,,,Bushnell,Trophy Cam HD,,,,0,Brigada Tres Colinas
240,Biomonitoreo participativo ACLAP,CT-ACLAP-2019-2023-TC-01-1,9.12010704,-83.0803525,Tres Colinas - Huacas,Animal,2020-02-18,08:47:12,Tres Colinas_Jaguar (15).JPG,MAMMALIA,CARNIVORA,FELIDAE,Panthera,onca,1,Jorge Picado,PNUD-Paisajes Productivos,2019-12-21,2020-03-28,,,Bushnell,Trophy Cam HD,,,,0,Brigada Tres Colinas
241,Biomonitoreo participativo ACLAP,CT-ACLAP-2019-2023-TC-01-1,9.12010704,-83.0803525,Tres Colinas - Huacas,Animal,2020-02-18,08:47:12,Tres Colinas_Jaguar (16).JPG,MAMMALIA,CARNIVORA,FELIDAE,Panthera,onca,1,Jorge Picado,PNUD-Paisajes Productivos,2019-12-21,2020-03-28,,,Bushnell,Trophy Cam HD,,,,0,Brigada Tres Colinas
242,Biomonitoreo participativo ACLAP,CT-ACLAP-2019-2023-TC-01-1,9.12010704,-83.0803525,Tres Colinas - Huacas,Animal,2020-02-18,08:47:59,Tres Colinas_Jaguar (17).JPG,MAMMALIA,CARNIVORA,FELIDAE,Panthera,onca,1,Jorge Picado,PNUD-Paisajes Productivos,2019-12-21,2020-03-28,,,Bushnell,Trophy Cam HD,,,,0,Brigada Tres Colinas
243,Biomonitoreo participativo ACLAP,CT-ACLAP-2019-2023-TC-01-1,9.12010704,-83.0803525,Tres Colinas - Huacas,Animal,2020-02-18,08:47:59,Tres Colinas_Jaguar (19).JPG,MAMMALIA,CARNIVORA,FELIDAE,Panthera,onca,1,Jorge Picado,PNUD-Paisajes Productivos,2019-12-21,2020-03-28,,,Bushnell,Trophy Cam HD,,,,0,Brigada Tres Colinas
244,Biomonitoreo participativo ACLAP,CT-ACLAP-2019-2023-TC-01-1,9.12010704,-83.0803525,Tres Colinas - Huacas,Animal,2020-02-18,08:48:00,Tres Colinas_Jaguar (18).JPG,MAMMALIA,CARNIVORA,FELIDAE,Panthera,onca,1,Jorge Picado,PNUD-Paisajes Productivos,2019-12-21,2020-03-28,,,Bushnell,Trophy Cam HD,,,,0,Brigada Tres Colinas
245,Biomonitoreo participativo ACLAP,CT-ACLAP-2019-2023-TC-01-1,9.12010704,-83.0803525,Tres Colinas - Huacas,Animal,2020-02-18,08:48:26,Tres Colinas_Jaguar (20).JPG,MAMMALIA,CARNIVORA,FELIDAE,Panthera,onca,1,Jorge Picado,PNUD-Paisajes Productivos,2019-12-21,2020-03-28,,,Bushnell,Trophy Cam HD,,,,0,Brigada Tres Colinas
247,Biomonitoreo participativo ACLAP,CT-ACLAP-2019-2023-TC-01-1,9.12010704,-83.0803525,Tres Colinas - Huacas,Animal,2020-02-18,08:48:27,Tres Colinas_Jaguar (21).JPG,MAMMALIA,CARNIVORA,FELIDAE,Panthera,onca,1,Jorge Picado,PNUD-Paisajes Productivos,2019-12-21,2020-03-28,,,Bushnell,Trophy Cam HD,,,,0,Brigada Tres Colinas
246,Biomonitoreo participativo ACLAP,CT-ACLAP-2019-2023-TC-01-1,9.12010704,-83.0803525,Tres Colinas - Huacas,Animal,2020-02-18,08:48:27,Tres Colinas_Jaguar (1).JPG,MAMMALIA,CARNIVORA,FELIDAE,Panthera,onca,1,Jorge Picado,PNUD-Paisajes Productivos,2019-12-21,2020-03-28,,,Bushnell,Trophy Cam HD,,,,0,Brigada Tres Colinas
248,Biomonitoreo participativo ACLAP,CT-ACLAP-2019-2023-TC-01-1,9.12010704,-83.0803525,Tres Colinas - Huacas,Animal,2020-02-21,23:42:24,Tres Colinas_Danta (27).JPG,MAMMALIA,PERISSODACTYLA,TAPIRIDAE,Tapirus,bairdii,1,Jorge Picado,PNUD-Paisajes Productivos,2019-12-21,2020-03-28,,,Bushnell,Trophy Cam HD,,,,0,Brigada Tres Colinas
249,Biomonitoreo participativo ACLAP,CT-ACLAP-2019-2023-TC-01-1,9.12010704,-83.0803525,Tres Colinas - Huacas,Animal,2020-02-21,23:42:25,Tres Colinas_Danta (28).JPG,MAMMALIA,PERISSODACTYLA,TAPIRIDAE,Tapirus,bairdii,1,Jorge Picado,PNUD-Paisajes Productivos,2019-12-21,2020-03-28,,,Bushnell,Trophy Cam HD,,,,0,Brigada Tres Colinas
250,Biomonitoreo participativo ACLAP,CT-ACLAP-2019-2023-TC-01-1,9.12010704,-83.0803525,Tres Colinas - Huacas,Animal,2020-02-21,23:42:25,Tres Colinas_Danta (29).JPG,MAMMALIA,PERISSODACTYLA,TAPIRIDAE,Tapirus,bairdii,1,Jorge Picado,PNUD-Paisajes Productivos,2019-12-21,2020-03-28,,,Bushnell,Trophy Cam HD,,,,0,Brigada Tres Colinas
251,Biomonitoreo participativo ACLAP,CT-ACLAP-2019-2023-TC-01-1,9.12010704,-83.0803525,Tres Colinas - Huacas,Animal,2020-02-22,01:42:54,Tres Colinas_Danta (30).JPG,MAMMALIA,PERISSODACTYLA,TAPIRIDAE,Tapirus,bairdii,1,Jorge Picado,PNUD-Paisajes Productivos,2019-12-21,2020-03-28,,,Bushnell,Trophy Cam HD,,,,0,Brigada Tres Colinas
252,Biomonitoreo participativo ACLAP,CT-ACLAP-2019-2023-TC-01-1,9.12010704,-83.0803525,Tres Colinas - Huacas,Animal,2020-02-22,01:42:55,Tres Colinas_Danta (31).JPG,MAMMALIA,PERISSODACTYLA,TAPIRIDAE,Tapirus,bairdii,1,Jorge Picado,PNUD-Paisajes Productivos,2019-12-21,2020-03-28,,,Bushnell,Trophy Cam HD,,,,0,Brigada Tres Colinas
253,Biomonitoreo participativo ACLAP,CT-ACLAP-2019-2023-TC-01-1,9.12010704,-83.0803525,Tres Colinas - Huacas,Animal,2020-02-22,01:42:55,Tres Colinas_Danta (32).JPG,MAMMALIA,PERISSODACTYLA,TAPIRIDAE,Tapirus,bairdii,1,Jorge Picado,PNUD-Paisajes Productivos,2019-12-21,2020-03-28,,,Bushnell,Trophy Cam HD,,,,0,Brigada Tres Colinas
254,Biomonitoreo participativo ACLAP,CT-ACLAP-2019-2023-TC-01-1,9.12010704,-83.0803525,Tres Colinas - Huacas,Animal,2020-02-24,21:37:05,Tres Colinas_Tepezcuintle (8).JPG,MAMMALIA,RODENTIA,CUNICULIDAE,Cuniculus,paca,1,Jorge Picado,PNUD-Paisajes Productivos,2019-12-21,2020-03-28,,,Bushnell,Trophy Cam HD,,,,0,Brigada Tres Colinas
256,Biomonitoreo participativo ACLAP,CT-ACLAP-2019-2023-TC-01-1,9.12010704,-83.0803525,Tres Colinas - Huacas,Animal,2020-02-24,21:37:06,Tres Colinas_Tepezcuintle (9).JPG,MAMMALIA,RODENTIA,CUNICULIDAE,Cuniculus,paca,1,Jorge Picado,PNUD-Paisajes Productivos,2019-12-21,2020-03-28,,,Bushnell,Trophy Cam HD,,,,0,Brigada Tres Colinas
255,Biomonitoreo participativo ACLAP,CT-ACLAP-2019-2023-TC-01-1,9.12010704,-83.0803525,Tres Colinas - Huacas,Animal,2020-02-24,21:37:06,Tres Colinas_Tepezcuintle (10).JPG,MAMMALIA,RODENTIA,CUNICULIDAE,Cuniculus,paca,1,Jorge Picado,PNUD-Paisajes Productivos,2019-12-21,2020-03-28,,,Bushnell,Trophy Cam HD,,,,0,Brigada Tres Colinas
257,Biomonitoreo participativo ACLAP,CT-ACLAP-2019-2023-TC-01-1,9.12010704,-83.0803525,Tres Colinas - Huacas,Animal,2020-02-24,22:37:00,Tres Colinas_Tepezcuintle (11).JPG,MAMMALIA,RODENTIA,CUNICULIDAE,Cuniculus,paca,1,Jorge Picado,PNUD-Paisajes Productivos,2019-12-21,2020-03-28,,,Bushnell,Trophy Cam HD,,,,0,Brigada Tres Colinas
258,Biomonitoreo participativo ACLAP,CT-ACLAP-2019-2023-TC-01-1,9.12010704,-83.0803525,Tres Colinas - Huacas,Animal,2020-03-03,12:43:27,Tres Colinas_Cabro de monte (1).JPG,MAMMALIA,CETARTIODACTYLA,CERVIDAE,Mazama,temama,1,Jorge Picado,PNUD-Paisajes Productivos,2019-12-21,2020-03-28,,,Bushnell,Trophy Cam HD,,,,0,Brigada Tres Colinas
259,Biomonitoreo participativo ACLAP,CT-ACLAP-2019-2023-TC-01-1,9.12010704,-83.0803525,Tres Colinas - Huacas,Animal,2020-03-03,12:43:27,Tres Colinas_Cabro de monte (2).JPG,MAMMALIA,CETARTIODACTYLA,CERVIDAE,Mazama,temama,1,Jorge Picado,PNUD-Paisajes Productivos,2019-12-21,2020-03-28,,,Bushnell,Trophy Cam HD,,,,0,Brigada Tres Colinas
260,Biomonitoreo participativo ACLAP,CT-ACLAP-2019-2023-TC-01-1,9.12010704,-83.0803525,Tres Colinas - Huacas,Animal,2020-03-03,12:43:28,Tres Colinas_Cabro de monte (3).JPG,MAMMALIA,CETARTIODACTYLA,CERVIDAE,Mazama,temama,1,Jorge Picado,PNUD-Paisajes Productivos,2019-12-21,2020-03-28,,,Bushnell,Trophy Cam HD,,,,0,Brigada Tres Colinas
261,Biomonitoreo participativo ACLAP,CT-ACLAP-2019-2023-TC-01-1,9.12010704,-83.0803525,Tres Colinas - Huacas,Animal,2020-03-03,12:43:42,Tres Colinas_Cabro de monte (4).JPG,MAMMALIA,CETARTIODACTYLA,CERVIDAE,Mazama,temama,1,Jorge Picado,PNUD-Paisajes Productivos,2019-12-21,2020-03-28,,,Bushnell,Trophy Cam HD,,,,0,Brigada Tres Colinas
262,Biomonitoreo participativo ACLAP,CT-ACLAP-2019-2023-TC-01-1,9.12010704,-83.0803525,Tres Colinas - Huacas,Animal,2020-03-03,12:43:42,Tres Colinas_Cabro de monte (5).JPG,MAMMALIA,CETARTIODACTYLA,CERVIDAE,Mazama,temama,1,Jorge Picado,PNUD-Paisajes Productivos,2019-12-21,2020-03-28,,,Bushnell,Trophy Cam HD,,,,0,Brigada Tres Colinas
263,Biomonitoreo participativo ACLAP,CT-ACLAP-2019-2023-TC-01-1,9.12010704,-83.0803525,Tres Colinas - Huacas,Animal,2020-03-03,12:43:43,Tres Colinas_Cabro de monte (6).JPG,MAMMALIA,CETARTIODACTYLA,CERVIDAE,Mazama,temama,1,Jorge Picado,PNUD-Paisajes Productivos,2019-12-21,2020-03-28,,,Bushnell,Trophy Cam HD,,,,0,Brigada Tres Colinas
264,Biomonitoreo participativo ACLAP,CT-ACLAP-2019-2023-TC-01-1,9.12010704,-83.0803525,Tres Colinas - Huacas,Animal,2020-03-03,12:44:16,Tres Colinas_Cabro de monte (7).JPG,MAMMALIA,CETARTIODACTYLA,CERVIDAE,Mazama,temama,1,Jorge Picado,PNUD-Paisajes Productivos,2019-12-21,2020-03-28,,,Bushnell,Trophy Cam HD,,,,0,Brigada Tres Colinas
265,Biomonitoreo participativo ACLAP,CT-ACLAP-2019-2023-TC-01-1,9.12010704,-83.0803525,Tres Colinas - Huacas,Animal,2020-03-03,12:44:17,Tres Colinas_Cabro de monte (8).JPG,MAMMALIA,CETARTIODACTYLA,CERVIDAE,Mazama,temama,1,Jorge Picado,PNUD-Paisajes Productivos,2019-12-21,2020-03-28,,,Bushnell,Trophy Cam HD,,,,0,Brigada Tres Colinas
266,Biomonitoreo participativo ACLAP,CT-ACLAP-2019-2023-TC-01-1,9.12010704,-83.0803525,Tres Colinas - Huacas,Animal,2020-03-03,12:44:17,Tres Colinas_Cabro de monte (9).JPG,MAMMALIA,CETARTIODACTYLA,CERVIDAE,Mazama,temama,1,Jorge Picado,PNUD-Paisajes Productivos,2019-12-21,2020-03-28,,,Bushnell,Trophy Cam HD,,,,0,Brigada Tres Colinas
267,Biomonitoreo participativo ACLAP,CT-ACLAP-2019-2023-TC-01-1,9.12010704,-83.0803525,Tres Colinas - Huacas,Animal,2020-03-06,08:04:02,Tres Colinas_Saíno (1).JPG,MAMMALIA,CETARTIODACTYLA,TAYASSUIDAE,Pecari,tajacu,1,Jorge Picado,PNUD-Paisajes Productivos,2019-12-21,2020-03-28,,,Bushnell,Trophy Cam HD,,,,0,Brigada Tres Colinas
268,Biomonitoreo participativo ACLAP,CT-ACLAP-2019-2023-TC-01-1,9.12010704,-83.0803525,Tres Colinas - Huacas,Animal,2020-03-06,08:04:03,Tres Colinas_Saíno (2).JPG,MAMMALIA,CETARTIODACTYLA,TAYASSUIDAE,Pecari,tajacu,1,Jorge Picado,PNUD-Paisajes Productivos,2019-12-21,2020-03-28,,,Bushnell,Trophy Cam HD,,,,0,Brigada Tres Colinas
269,Biomonitoreo participativo ACLAP,CT-ACLAP-2019-2023-TC-01-1,9.12010704,-83.0803525,Tres Colinas - Huacas,Animal,2020-03-06,08:04:03,Tres Colinas_Saíno (3).JPG,MAMMALIA,CETARTIODACTYLA,TAYASSUIDAE,Pecari,tajacu,1,Jorge Picado,PNUD-Paisajes Productivos,2019-12-21,2020-03-28,,,Bushnell,Trophy Cam HD,,,,0,Brigada Tres Colinas
270,Biomonitoreo participativo ACLAP,CT-ACLAP-2019-2023-TC-01-1,9.12010704,-83.0803525,Tres Colinas - Huacas,Animal,2020-03-06,08:04:27,Tres Colinas_Saíno (4).JPG,MAMMALIA,CETARTIODACTYLA,TAYASSUIDAE,Pecari,tajacu,1,Jorge Picado,PNUD-Paisajes Productivos,2019-12-21,2020-03-28,,,Bushnell,Trophy Cam HD,,,,0,Brigada Tres Colinas
271,Biomonitoreo participativo ACLAP,CT-ACLAP-2019-2023-TC-01-1,9.12010704,-83.0803525,Tres Colinas - Huacas,Animal,2020-03-06,08:04:28,Tres Colinas_Saíno (5).JPG,MAMMALIA,CETARTIODACTYLA,TAYASSUIDAE,Pecari,tajacu,1,Jorge Picado,PNUD-Paisajes Productivos,2019-12-21,2020-03-28,,,Bushnell,Trophy Cam HD,,,,0,Brigada Tres Colinas
272,Biomonitoreo participativo ACLAP,CT-ACLAP-2019-2023-TC-01-1,9.12010704,-83.0803525,Tres Colinas - Huacas,Animal,2020-03-06,08:04:28,Tres Colinas_Saíno (6).JPG,MAMMALIA,CETARTIODACTYLA,TAYASSUIDAE,Pecari,tajacu,1,Jorge Picado,PNUD-Paisajes Productivos,2019-12-21,2020-03-28,,,Bushnell,Trophy Cam HD,,,,0,Brigada Tres Colinas
273,Biomonitoreo participativo ACLAP,CT-ACLAP-2019-2023-TC-01-1,9.12010704,-83.0803525,Tres Colinas - Huacas,Animal,2020-03-06,08:04:43,Tres Colinas_Saíno (7).JPG,MAMMALIA,CETARTIODACTYLA,TAYASSUIDAE,Pecari,tajacu,1,Jorge Picado,PNUD-Paisajes Productivos,2019-12-21,2020-03-28,,,Bushnell,Trophy Cam HD,,,,0,Brigada Tres Colinas
274,Biomonitoreo participativo ACLAP,CT-ACLAP-2019-2023-TC-01-1,9.12010704,-83.0803525,Tres Colinas - Huacas,Animal,2020-03-06,08:04:44,Tres Colinas_Saíno (8).JPG,MAMMALIA,CETARTIODACTYLA,TAYASSUIDAE,Pecari,tajacu,1,Jorge Picado,PNUD-Paisajes Productivos,2019-12-21,2020-03-28,,,Bushnell,Trophy Cam HD,,,,0,Brigada Tres Colinas
275,Biomonitoreo participativo ACLAP,CT-ACLAP-2019-2023-TC-01-1,9.12010704,-83.0803525,Tres Colinas - Huacas,Animal,2020-03-06,08:04:44,Tres Colinas_Saíno (9).JPG,MAMMALIA,CETARTIODACTYLA,TAYASSUIDAE,Pecari,tajacu,1,Jorge Picado,PNUD-Paisajes Productivos,2019-12-21,2020-03-28,,,Bushnell,Trophy Cam HD,,,,0,Brigada Tres Colinas
276,Biomonitoreo participativo ACLAP,CT-ACLAP-2019-2023-TC-01-1,9.12010704,-83.0803525,Tres Colinas - Huacas,Animal,2020-03-06,08:05:02,Tres Colinas_Saíno (10).JPG,MAMMALIA,CETARTIODACTYLA,TAYASSUIDAE,Pecari,tajacu,1,Jorge Picado,PNUD-Paisajes Productivos,2019-12-21,2020-03-28,,,Bushnell,Trophy Cam HD,,,,0,Brigada Tres Colinas
277,Biomonitoreo participativo ACLAP,CT-ACLAP-2019-2023-TC-01-1,9.12010704,-83.0803525,Tres Colinas - Huacas,Animal,2020-03-06,08:05:03,Tres Colinas_Saíno (11).JPG,MAMMALIA,CETARTIODACTYLA,TAYASSUIDAE,Pecari,tajacu,1,Jorge Picado,PNUD-Paisajes Productivos,2019-12-21,2020-03-28,,,Bushnell,Trophy Cam HD,,,,0,Brigada Tres Colinas
278,Biomonitoreo participativo ACLAP,CT-ACLAP-2019-2023-TC-01-1,9.12010704,-83.0803525,Tres Colinas - Huacas,Animal,2020-03-06,08:05:03,Tres Colinas_Saíno (12).JPG,MAMMALIA,CETARTIODACTYLA,TAYASSUIDAE,Pecari,tajacu,1,Jorge Picado,PNUD-Paisajes Productivos,2019-12-21,2020-03-28,,,Bushnell,Trophy Cam HD,,,,0,Brigada Tres Colinas
279,Biomonitoreo participativo ACLAP,CT-ACLAP-2019-2023-TC-01-1,9.12010704,-83.0803525,Tres Colinas - Huacas,Animal,2020-03-06,08:05:17,Tres Colinas_Saíno (13).JPG,MAMMALIA,CETARTIODACTYLA,TAYASSUIDAE,Pecari,tajacu,1,Jorge Picado,PNUD-Paisajes Productivos,2019-12-21,2020-03-28,,,Bushnell,Trophy Cam HD,,,,0,Brigada Tres Colinas
280,Biomonitoreo participativo ACLAP,CT-ACLAP-2019-2023-TC-01-1,9.12010704,-83.0803525,Tres Colinas - Huacas,Animal,2020-03-06,08:05:17,Tres Colinas_Saíno (14).JPG,MAMMALIA,CETARTIODACTYLA,TAYASSUIDAE,Pecari,tajacu,1,Jorge Picado,PNUD-Paisajes Productivos,2019-12-21,2020-03-28,,,Bushnell,Trophy Cam HD,,,,0,Brigada Tres Colinas
281,Biomonitoreo participativo ACLAP,CT-ACLAP-2019-2023-TC-01-1,9.12010704,-83.0803525,Tres Colinas - Huacas,Animal,2020-03-06,08:05:18,Tres Colinas_Saíno (15).JPG,MAMMALIA,CETARTIODACTYLA,TAYASSUIDAE,Pecari,tajacu,1,Jorge Picado,PNUD-Paisajes Productivos,2019-12-21,2020-03-28,,,Bushnell,Trophy Cam HD,,,,0,Brigada Tres Colinas
282,Biomonitoreo participativo ACLAP,CT-ACLAP-2019-2023-TC-01-1,9.12010704,-83.0803525,Tres Colinas - Huacas,Animal,2020-03-10,22:20:32,Tres Colinas_Danta (33).JPG,MAMMALIA,PERISSODACTYLA,TAPIRIDAE,Tapirus,bairdii,1,Jorge Picado,PNUD-Paisajes Productivos,2019-12-21,2020-03-28,,,Bushnell,Trophy Cam HD,,,,0,Brigada Tres Colinas
283,Biomonitoreo participativo ACLAP,CT-ACLAP-2019-2023-TC-01-1,9.12010704,-83.0803525,Tres Colinas - Huacas,Animal,2020-03-10,22:20:33,Tres Colinas_Danta (34).JPG,MAMMALIA,PERISSODACTYLA,TAPIRIDAE,Tapirus,bairdii,1,Jorge Picado,PNUD-Paisajes Productivos,2019-12-21,2020-03-28,,,Bushnell,Trophy Cam HD,,,,0,Brigada Tres Colinas
284,Biomonitoreo participativo ACLAP,CT-ACLAP-2019-2023-TC-01-1,9.12010704,-83.0803525,Tres Colinas - Huacas,Animal,2020-03-10,22:20:34,Tres Colinas_Danta (35).JPG,MAMMALIA,PERISSODACTYLA,TAPIRIDAE,Tapirus,bairdii,1,Jorge Picado,PNUD-Paisajes Productivos,2019-12-21,2020-03-28,,,Bushnell,Trophy Cam HD,,,,0,Brigada Tres Colinas
285,Biomonitoreo participativo ACLAP,CT-ACLAP-2019-2023-TC-01-1,9.12010704,-83.0803525,Tres Colinas - Huacas,Animal,2020-03-10,22:21:11,Tres Colinas_Danta (36).JPG,MAMMALIA,PERISSODACTYLA,TAPIRIDAE,Tapirus,bairdii,1,Jorge Picado,PNUD-Paisajes Productivos,2019-12-21,2020-03-28,,,Bushnell,Trophy Cam HD,,,,0,Brigada Tres Colinas
286,Biomonitoreo participativo ACLAP,CT-ACLAP-2019-2023-TC-01-1,9.12010704,-83.0803525,Tres Colinas - Huacas,Animal,2020-03-10,22:21:12,Tres Colinas_Danta (37).JPG,MAMMALIA,PERISSODACTYLA,TAPIRIDAE,Tapirus,bairdii,1,Jorge Picado,PNUD-Paisajes Productivos,2019-12-21,2020-03-28,,,Bushnell,Trophy Cam HD,,,,0,Brigada Tres Colinas
287,Biomonitoreo participativo ACLAP,CT-ACLAP-2019-2023-TC-01-1,9.12010704,-83.0803525,Tres Colinas - Huacas,Animal,2020-03-10,22:21:39,Tres Colinas_Danta (38).JPG,MAMMALIA,PERISSODACTYLA,TAPIRIDAE,Tapirus,bairdii,1,Jorge Picado,PNUD-Paisajes Productivos,2019-12-21,2020-03-28,,,Bushnell,Trophy Cam HD,,,,0,Brigada Tres Colinas
288,Biomonitoreo participativo ACLAP,CT-ACLAP-2019-2023-TC-01-1,9.12010704,-83.0803525,Tres Colinas - Huacas,Animal,2020-03-10,22:21:40,Tres Colinas_Danta (39).JPG,MAMMALIA,PERISSODACTYLA,TAPIRIDAE,Tapirus,bairdii,1,Jorge Picado,PNUD-Paisajes Productivos,2019-12-21,2020-03-28,,,Bushnell,Trophy Cam HD,,,,0,Brigada Tres Colinas
289,Biomonitoreo participativo ACLAP,CT-ACLAP-2019-2023-TC-01-1,9.12010704,-83.0803525,Tres Colinas - Huacas,Animal,2020-03-10,22:21:41,Tres Colinas_Danta (40).JPG,MAMMALIA,PERISSODACTYLA,TAPIRIDAE,Tapirus,bairdii,1,Jorge Picado,PNUD-Paisajes Productivos,2019-12-21,2020-03-28,,,Bushnell,Trophy Cam HD,,,,0,Brigada Tres Colinas
290,Biomonitoreo participativo ACLAP,CT-ACLAP-2019-2023-TC-01-1,9.12010704,-83.0803525,Tres Colinas - Huacas,Animal,2020-03-10,22:21:54,Tres Colinas_Danta (41).JPG,MAMMALIA,PERISSODACTYLA,TAPIRIDAE,Tapirus,bairdii,1,Jorge Picado,PNUD-Paisajes Productivos,2019-12-21,2020-03-28,,,Bushnell,Trophy Cam HD,,,,0,Brigada Tres Colinas
291,Biomonitoreo participativo ACLAP,CT-ACLAP-2019-2023-TC-01-1,9.12010704,-83.0803525,Tres Colinas - Huacas,Animal,2020-03-10,22:21:55,Tres Colinas_Danta (42).JPG,MAMMALIA,PERISSODACTYLA,TAPIRIDAE,Tapirus,bairdii,1,Jorge Picado,PNUD-Paisajes Productivos,2019-12-21,2020-03-28,,,Bushnell,Trophy Cam HD,,,,0,Brigada Tres Colinas
292,Biomonitoreo participativo ACLAP,CT-ACLAP-2019-2023-TC-01-1,9.12010704,-83.0803525,Tres Colinas - Huacas,Animal,2020-03-10,22:21:55,Tres Colinas_Danta (43).JPG,MAMMALIA,PERISSODACTYLA,TAPIRIDAE,Tapirus,bairdii,1,Jorge Picado,PNUD-Paisajes Productivos,2019-12-21,2020-03-28,,,Bushnell,Trophy Cam HD,,,,0,Brigada Tres Colinas
293,Biomonitoreo participativo ACLAP,CT-ACLAP-2019-2023-TC-01-1,9.12010704,-83.0803525,Tres Colinas - Huacas,Animal,2020-03-13,20:03:32,Tres Colinas_Tepezcuintle (12).JPG,MAMMALIA,RODENTIA,CUNICULIDAE,Cuniculus,paca,1,Jorge Picado,PNUD-Paisajes Productivos,2019-12-21,2020-03-28,,,Bushnell,Trophy Cam HD,,,,0,Brigada Tres Colinas
294,Biomonitoreo participativo ACLAP,CT-ACLAP-2019-2023-TC-01-1,9.12010704,-83.0803525,Tres Colinas - Huacas,Animal,2020-03-13,20:03:33,Tres Colinas_Tepezcuintle (13).JPG,MAMMALIA,RODENTIA,CUNICULIDAE,Cuniculus,paca,1,Jorge Picado,PNUD-Paisajes Productivos,2019-12-21,2020-03-28,,,Bushnell,Trophy Cam HD,,,,0,Brigada Tres Colinas
295,Biomonitoreo participativo ACLAP,CT-ACLAP-2019-2023-TC-01-1,9.12010704,-83.0803525,Tres Colinas - Huacas,Animal,2020-03-13,20:03:33,Tres Colinas_Tepezcuintle (14).JPG,MAMMALIA,RODENTIA,CUNICULIDAE,Cuniculus,paca,1,Jorge Picado,PNUD-Paisajes Productivos,2019-12-21,2020-03-28,,,Bushnell,Trophy Cam HD,,,,0,Brigada Tres Colinas
296,Biomonitoreo participativo ACLAP,CT-ACLAP-2019-2023-TC-01-1,9.12010704,-83.0803525,Tres Colinas - Huacas,Animal,2020-03-15,02:12:17,Tres Colinas_Danta (44).JPG,MAMMALIA,PERISSODACTYLA,TAPIRIDAE,Tapirus,bairdii,1,Jorge Picado,PNUD-Paisajes Productivos,2019-12-21,2020-03-28,,,Bushnell,Trophy Cam HD,,,,0,Brigada Tres Colinas
297,Biomonitoreo participativo ACLAP,CT-ACLAP-2019-2023-TC-01-1,9.12010704,-83.0803525,Tres Colinas - Huacas,Animal,2020-03-15,02:12:18,Tres Colinas_Danta (45).JPG,MAMMALIA,PERISSODACTYLA,TAPIRIDAE,Tapirus,bairdii,1,Jorge Picado,PNUD-Paisajes Productivos,2019-12-21,2020-03-28,,,Bushnell,Trophy Cam HD,,,,0,Brigada Tres Colinas
298,Biomonitoreo participativo ACLAP,CT-ACLAP-2019-2023-TC-01-1,9.12010704,-83.0803525,Tres Colinas - Huacas,Animal,2020-03-15,02:12:19,Tres Colinas_Danta (46).JPG,MAMMALIA,PERISSODACTYLA,TAPIRIDAE,Tapirus,bairdii,1,Jorge Picado,PNUD-Paisajes Productivos,2019-12-21,2020-03-28,,,Bushnell,Trophy Cam HD,,,,0,Brigada Tres Colinas
299,Biomonitoreo participativo ACLAP,CT-ACLAP-2019-2023-TC-01-1,9.12010704,-83.0803525,Tres Colinas - Huacas,Animal,2020-03-17,23:20:00,Tres Colinas_Tepezcuintle (15).JPG,MAMMALIA,RODENTIA,CUNICULIDAE,Cuniculus,paca,1,Jorge Picado,PNUD-Paisajes Productivos,2019-12-21,2020-03-28,,,Bushnell,Trophy Cam HD,,,,0,Brigada Tres Colinas
300,Biomonitoreo participativo ACLAP,CT-ACLAP-2019-2023-TC-01-1,9.12010704,-83.0803525,Tres Colinas - Huacas,Animal,2020-03-17,23:20:01,Tres Colinas_Tepezcuintle (16).JPG,MAMMALIA,RODENTIA,CUNICULIDAE,Cuniculus,paca,1,Jorge Picado,PNUD-Paisajes Productivos,2019-12-21,2020-03-28,,,Bushnell,Trophy Cam HD,,,,0,Brigada Tres Colinas
301,Biomonitoreo participativo ACLAP,CT-ACLAP-2019-2023-TC-01-1,9.12010704,-83.0803525,Tres Colinas - Huacas,Animal,2020-03-17,23:20:15,Tres Colinas_Tepezcuintle (17).JPG,MAMMALIA,RODENTIA,CUNICULIDAE,Cuniculus,paca,1,Jorge Picado,PNUD-Paisajes Productivos,2019-12-21,2020-03-28,,,Bushnell,Trophy Cam HD,,,,0,Brigada Tres Colinas
302,Biomonitoreo participativo ACLAP,CT-ACLAP-2019-2023-TC-01-1,9.12010704,-83.0803525,Tres Colinas - Huacas,Animal,2020-03-17,23:20:15,Tres Colinas_Tepezcuintle (18).JPG,MAMMALIA,RODENTIA,CUNICULIDAE,Cuniculus,paca,1,Jorge Picado,PNUD-Paisajes Productivos,2019-12-21,2020-03-28,,,Bushnell,Trophy Cam HD,,,,0,Brigada Tres Colinas
303,Biomonitoreo participativo ACLAP,CT-ACLAP-2019-2023-TC-01-1,9.12010704,-83.0803525,Tres Colinas - Huacas,Animal,2020-03-17,23:20:16,Tres Colinas_Tepezcuintle (19).JPG,MAMMALIA,RODENTIA,CUNICULIDAE,Cuniculus,paca,1,Jorge Picado,PNUD-Paisajes Productivos,2019-12-21,2020-03-28,,,Bushnell,Trophy Cam HD,,,,0,Brigada Tres Colinas
304,Biomonitoreo participativo ACLAP,CT-ACLAP-2019-2023-TC-01-1,9.12010704,-83.0803525,Tres Colinas - Huacas,Animal,2020-03-19,05:19:29,Tres Colinas_Danta (47).JPG,MAMMALIA,PERISSODACTYLA,TAPIRIDAE,Tapirus,bairdii,1,Jorge Picado,PNUD-Paisajes Productivos,2019-12-21,2020-03-28,,,Bushnell,Trophy Cam HD,,,,0,Brigada Tres Colinas
305,Biomonitoreo participativo ACLAP,CT-ACLAP-2019-2023-TC-01-1,9.12010704,-83.0803525,Tres Colinas - Huacas,Animal,2020-03-19,05:19:30,Tres Colinas_Danta (48).JPG,MAMMALIA,PERISSODACTYLA,TAPIRIDAE,Tapirus,bairdii,1,Jorge Picado,PNUD-Paisajes Productivos,2019-12-21,2020-03-28,,,Bushnell,Trophy Cam HD,,,,0,Brigada Tres Colinas
306,Biomonitoreo participativo ACLAP,CT-ACLAP-2019-2023-TC-01-1,9.12010704,-83.0803525,Tres Colinas - Huacas,Animal,2020-03-19,05:19:31,Tres Colinas_Danta (49).JPG,MAMMALIA,PERISSODACTYLA,TAPIRIDAE,Tapirus,bairdii,1,Jorge Picado,PNUD-Paisajes Productivos,2019-12-21,2020-03-28,,,Bushnell,Trophy Cam HD,,,,0,Brigada Tres Colinas
307,Biomonitoreo participativo ACLAP,CT-ACLAP-2019-2023-TC-01-1,9.12010704,-83.0803525,Tres Colinas - Huacas,Animal,2020-03-19,05:19:44,Tres Colinas_Danta (50).JPG,MAMMALIA,PERISSODACTYLA,TAPIRIDAE,Tapirus,bairdii,1,Jorge Picado,PNUD-Paisajes Productivos,2019-12-21,2020-03-28,,,Bushnell,Trophy Cam HD,,,,0,Brigada Tres Colinas
308,Biomonitoreo participativo ACLAP,CT-ACLAP-2019-2023-TC-01-1,9.12010704,-83.0803525,Tres Colinas - Huacas,Animal,2020-03-19,05:19:45,Tres Colinas_Danta (51).JPG,MAMMALIA,PERISSODACTYLA,TAPIRIDAE,Tapirus,bairdii,1,Jorge Picado,PNUD-Paisajes Productivos,2019-12-21,2020-03-28,,,Bushnell,Trophy Cam HD,,,,0,Brigada Tres Colinas
309,Biomonitoreo participativo ACLAP,CT-ACLAP-2019-2023-TC-01-1,9.12010704,-83.0803525,Tres Colinas - Huacas,Animal,2020-03-19,05:19:45,Tres Colinas_Danta (52).JPG,MAMMALIA,PERISSODACTYLA,TAPIRIDAE,Tapirus,bairdii,1,Jorge Picado,PNUD-Paisajes Productivos,2019-12-21,2020-03-28,,,Bushnell,Trophy Cam HD,,,,0,Brigada Tres Colinas
310,Biomonitoreo participativo ACLAP,CT-ACLAP-2019-2023-TC-01-1,9.12010704,-83.0803525,Tres Colinas - Huacas,Animal,2020-03-19,05:20:05,Tres Colinas_Danta (53).JPG,MAMMALIA,PERISSODACTYLA,TAPIRIDAE,Tapirus,bairdii,1,Jorge Picado,PNUD-Paisajes Productivos,2019-12-21,2020-03-28,,,Bushnell,Trophy Cam HD,,,,0,Brigada Tres Colinas
311,Biomonitoreo participativo ACLAP,CT-ACLAP-2019-2023-TC-01-1,9.12010704,-83.0803525,Tres Colinas - Huacas,Animal,2020-03-19,05:20:05,Tres Colinas_Danta (54).JPG,MAMMALIA,PERISSODACTYLA,TAPIRIDAE,Tapirus,bairdii,1,Jorge Picado,PNUD-Paisajes Productivos,2019-12-21,2020-03-28,,,Bushnell,Trophy Cam HD,,,,0,Brigada Tres Colinas
312,Biomonitoreo participativo ACLAP,CT-ACLAP-2019-2023-TC-01-1,9.12010704,-83.0803525,Tres Colinas - Huacas,Animal,2020-03-19,05:20:06,Tres Colinas_Danta (55).JPG,MAMMALIA,PERISSODACTYLA,TAPIRIDAE,Tapirus,bairdii,1,Jorge Picado,PNUD-Paisajes Productivos,2019-12-21,2020-03-28,,,Bushnell,Trophy Cam HD,,,,0,Brigada Tres Colinas
313,Biomonitoreo participativo ACLAP,CT-ACLAP-2019-2023-TC-01-1,9.12010704,-83.0803525,Tres Colinas - Huacas,Animal,2020-03-19,05:20:20,Tres Colinas_Danta (56).JPG,MAMMALIA,PERISSODACTYLA,TAPIRIDAE,Tapirus,bairdii,1,Jorge Picado,PNUD-Paisajes Productivos,2019-12-21,2020-03-28,,,Bushnell,Trophy Cam HD,,,,0,Brigada Tres Colinas
314,Biomonitoreo participativo ACLAP,CT-ACLAP-2019-2023-TC-01-1,9.12010704,-83.0803525,Tres Colinas - Huacas,Animal,2020-03-19,05:20:21,Tres Colinas_Danta (57).JPG,MAMMALIA,PERISSODACTYLA,TAPIRIDAE,Tapirus,bairdii,1,Jorge Picado,PNUD-Paisajes Productivos,2019-12-21,2020-03-28,,,Bushnell,Trophy Cam HD,,,,0,Brigada Tres Colinas
315,Biomonitoreo participativo ACLAP,CT-ACLAP-2019-2023-TC-01-1,9.12010704,-83.0803525,Tres Colinas - Huacas,Animal,2020-03-19,05:20:22,Tres Colinas_Danta (58).JPG,MAMMALIA,PERISSODACTYLA,TAPIRIDAE,Tapirus,bairdii,1,Jorge Picado,PNUD-Paisajes Productivos,2019-12-21,2020-03-28,,,Bushnell,Trophy Cam HD,,,,0,Brigada Tres Colinas
316,Biomonitoreo participativo ACLAP,CT-ACLAP-2019-2023-TC-01-1,9.12010704,-83.0803525,Tres Colinas - Huacas,Animal,2020-03-19,05:20:46,Tres Colinas_Danta (59).JPG,MAMMALIA,PERISSODACTYLA,TAPIRIDAE,Tapirus,bairdii,1,Jorge Picado,PNUD-Paisajes Productivos,2019-12-21,2020-03-28,,,Bushnell,Trophy Cam HD,,,,0,Brigada Tres Colinas
317,Biomonitoreo participativo ACLAP,CT-ACLAP-2019-2023-TC-01-1,9.12010704,-83.0803525,Tres Colinas - Huacas,Animal,2020-03-19,05:20:47,Tres Colinas_Danta (60).JPG,MAMMALIA,PERISSODACTYLA,TAPIRIDAE,Tapirus,bairdii,1,Jorge Picado,PNUD-Paisajes Productivos,2019-12-21,2020-03-28,,,Bushnell,Trophy Cam HD,,,,0,Brigada Tres Colinas
318,Biomonitoreo participativo ACLAP,CT-ACLAP-2019-2023-TC-01-1,9.12010704,-83.0803525,Tres Colinas - Huacas,Animal,2020-03-19,05:20:47,Tres Colinas_Danta (61).JPG,MAMMALIA,PERISSODACTYLA,TAPIRIDAE,Tapirus,bairdii,1,Jorge Picado,PNUD-Paisajes Productivos,2019-12-21,2020-03-28,,,Bushnell,Trophy Cam HD,,,,0,Brigada Tres Colinas
319,Biomonitoreo participativo ACLAP,CT-ACLAP-2019-2023-TC-01-1,9.12010704,-83.0803525,Tres Colinas - Huacas,Animal,2020-03-19,05:30:47,Tres Colinas_Danta (62).JPG,MAMMALIA,PERISSODACTYLA,TAPIRIDAE,Tapirus,bairdii,1,Jorge Picado,PNUD-Paisajes Productivos,2019-12-21,2020-03-28,,,Bushnell,Trophy Cam HD,,,,0,Brigada Tres Colinas
320,Biomonitoreo participativo ACLAP,CT-ACLAP-2019-2023-TC-01-1,9.12010704,-83.0803525,Tres Colinas - Huacas,Animal,2020-03-19,05:30:48,Tres Colinas_Danta (63).JPG,MAMMALIA,PERISSODACTYLA,TAPIRIDAE,Tapirus,bairdii,1,Jorge Picado,PNUD-Paisajes Productivos,2019-12-21,2020-03-28,,,Bushnell,Trophy Cam HD,,,,0,Brigada Tres Colinas
321,Biomonitoreo participativo ACLAP,CT-ACLAP-2019-2023-TC-01-1,9.12010704,-83.0803525,Tres Colinas - Huacas,Animal,2020-03-19,05:30:49,Tres Colinas_Danta (64).JPG,MAMMALIA,PERISSODACTYLA,TAPIRIDAE,Tapirus,bairdii,1,Jorge Picado,PNUD-Paisajes Productivos,2019-12-21,2020-03-28,,,Bushnell,Trophy Cam HD,,,,0,Brigada Tres Colinas
322,Biomonitoreo participativo ACLAP,CT-ACLAP-2019-2023-TC-01-1,9.12010704,-83.0803525,Tres Colinas - Huacas,Animal,2020-03-19,05:31:07,Tres Colinas_Danta (65).JPG,MAMMALIA,PERISSODACTYLA,TAPIRIDAE,Tapirus,bairdii,1,Jorge Picado,PNUD-Paisajes Productivos,2019-12-21,2020-03-28,,,Bushnell,Trophy Cam HD,,,,0,Brigada Tres Colinas
323,Biomonitoreo participativo ACLAP,CT-ACLAP-2019-2023-TC-01-1,9.12010704,-83.0803525,Tres Colinas - Huacas,Animal,2020-03-19,05:31:08,Tres Colinas_Danta (66).JPG,MAMMALIA,PERISSODACTYLA,TAPIRIDAE,Tapirus,bairdii,1,Jorge Picado,PNUD-Paisajes Productivos,2019-12-21,2020-03-28,,,Bushnell,Trophy Cam HD,,,,0,Brigada Tres Colinas
324,Biomonitoreo participativo ACLAP,CT-ACLAP-2019-2023-TC-01-1,9.12010704,-83.0803525,Tres Colinas - Huacas,Animal,2020-03-19,05:31:08,Tres Colinas_Danta (67).JPG,MAMMALIA,PERISSODACTYLA,TAPIRIDAE,Tapirus,bairdii,1,Jorge Picado,PNUD-Paisajes Productivos,2019-12-21,2020-03-28,,,Bushnell,Trophy Cam HD,,,,0,Brigada Tres Colinas
325,Biomonitoreo participativo ACLAP,CT-ACLAP-2019-2023-TC-01-1,9.12010704,-83.0803525,Tres Colinas - Huacas,Animal,2020-03-19,05:31:30,Tres Colinas_Danta (68).JPG,MAMMALIA,PERISSODACTYLA,TAPIRIDAE,Tapirus,bairdii,1,Jorge Picado,PNUD-Paisajes Productivos,2019-12-21,2020-03-28,,,Bushnell,Trophy Cam HD,,,,0,Brigada Tres Colinas
326,Biomonitoreo participativo ACLAP,CT-ACLAP-2019-2023-TC-01-1,9.12010704,-83.0803525,Tres Colinas - Huacas,Animal,2020-03-19,05:31:30,Tres Colinas_Danta (69).JPG,MAMMALIA,PERISSODACTYLA,TAPIRIDAE,Tapirus,bairdii,1,Jorge Picado,PNUD-Paisajes Productivos,2019-12-21,2020-03-28,,,Bushnell,Trophy Cam HD,,,,0,Brigada Tres Colinas
327,Biomonitoreo participativo ACLAP,CT-ACLAP-2019-2023-TC-01-1,9.12010704,-83.0803525,Tres Colinas - Huacas,Animal,2020-03-19,05:31:31,Tres Colinas_Danta (70).JPG,MAMMALIA,PERISSODACTYLA,TAPIRIDAE,Tapirus,bairdii,1,Jorge Picado,PNUD-Paisajes Productivos,2019-12-21,2020-03-28,,,Bushnell,Trophy Cam HD,,,,0,Brigada Tres Colinas
328,Biomonitoreo participativo ACLAP,CT-ACLAP-2019-2023-TC-01-1,9.12010704,-83.0803525,Tres Colinas - Huacas,Animal,2020-03-19,05:31:45,Tres Colinas_Danta (71).JPG,MAMMALIA,PERISSODACTYLA,TAPIRIDAE,Tapirus,bairdii,1,Jorge Picado,PNUD-Paisajes Productivos,2019-12-21,2020-03-28,,,Bushnell,Trophy Cam HD,,,,0,Brigada Tres Colinas
329,Biomonitoreo participativo ACLAP,CT-ACLAP-2019-2023-TC-01-1,9.12010704,-83.0803525,Tres Colinas - Huacas,Animal,2020-03-19,05:31:45,Tres Colinas_Danta (72).JPG,MAMMALIA,PERISSODACTYLA,TAPIRIDAE,Tapirus,bairdii,1,Jorge Picado,PNUD-Paisajes Productivos,2019-12-21,2020-03-28,,,Bushnell,Trophy Cam HD,,,,0,Brigada Tres Colinas
330,Biomonitoreo participativo ACLAP,CT-ACLAP-2019-2023-TC-01-1,9.12010704,-83.0803525,Tres Colinas - Huacas,Animal,2020-03-19,05:31:46,Tres Colinas_Danta (73).JPG,MAMMALIA,PERISSODACTYLA,TAPIRIDAE,Tapirus,bairdii,1,Jorge Picado,PNUD-Paisajes Productivos,2019-12-21,2020-03-28,,,Bushnell,Trophy Cam HD,,,,0,Brigada Tres Colinas
331,Biomonitoreo participativo ACLAP,CT-ACLAP-2019-2023-TC-01-1,9.12010704,-83.0803525,Tres Colinas - Huacas,Animal,2020-03-19,05:32:54,Tres Colinas_Danta (74).JPG,MAMMALIA,PERISSODACTYLA,TAPIRIDAE,Tapirus,bairdii,1,Jorge Picado,PNUD-Paisajes Productivos,2019-12-21,2020-03-28,,,Bushnell,Trophy Cam HD,,,,0,Brigada Tres Colinas
332,Biomonitoreo participativo ACLAP,CT-ACLAP-2019-2023-TC-01-1,9.12010704,-83.0803525,Tres Colinas - Huacas,Animal,2020-03-19,05:32:54,Tres Colinas_Danta (75).JPG,MAMMALIA,PERISSODACTYLA,TAPIRIDAE,Tapirus,bairdii,1,Jorge Picado,PNUD-Paisajes Productivos,2019-12-21,2020-03-28,,,Bushnell,Trophy Cam HD,,,,0,Brigada Tres Colinas
333,Biomonitoreo participativo ACLAP,CT-ACLAP-2019-2023-TC-01-1,9.12010704,-83.0803525,Tres Colinas - Huacas,Animal,2020-03-19,05:32:55,Tres Colinas_Danta (76).JPG,MAMMALIA,PERISSODACTYLA,TAPIRIDAE,Tapirus,bairdii,1,Jorge Picado,PNUD-Paisajes Productivos,2019-12-21,2020-03-28,,,Bushnell,Trophy Cam HD,,,,0,Brigada Tres Colinas
334,Biomonitoreo participativo ACLAP,CT-ACLAP-2019-2023-TC-01-1,9.12010704,-83.0803525,Tres Colinas - Huacas,Animal,2020-03-19,05:33:48,Tres Colinas_Danta (77).JPG,MAMMALIA,PERISSODACTYLA,TAPIRIDAE,Tapirus,bairdii,1,Jorge Picado,PNUD-Paisajes Productivos,2019-12-21,2020-03-28,,,Bushnell,Trophy Cam HD,,,,0,Brigada Tres Colinas
335,Biomonitoreo participativo ACLAP,CT-ACLAP-2019-2023-TC-01-1,9.12010704,-83.0803525,Tres Colinas - Huacas,Animal,2020-03-19,05:34:35,Tres Colinas_Danta (78).JPG,MAMMALIA,PERISSODACTYLA,TAPIRIDAE,Tapirus,bairdii,1,Jorge Picado,PNUD-Paisajes Productivos,2019-12-21,2020-03-28,,,Bushnell,Trophy Cam HD,,,,0,Brigada Tres Colinas
336,Biomonitoreo participativo ACLAP,CT-ACLAP-2019-2023-TC-01-1,9.12010704,-83.0803525,Tres Colinas - Huacas,Animal,2020-03-19,05:34:52,Tres Colinas_Danta (79).JPG,MAMMALIA,PERISSODACTYLA,TAPIRIDAE,Tapirus,bairdii,1,Jorge Picado,PNUD-Paisajes Productivos,2019-12-21,2020-03-28,,,Bushnell,Trophy Cam HD,,,,0,Brigada Tres Colinas
337,Biomonitoreo participativo ACLAP,CT-ACLAP-2019-2023-TC-01-1,9.12010704,-83.0803525,Tres Colinas - Huacas,Animal,2020-03-19,05:35:09,Tres Colinas_Danta (80).JPG,MAMMALIA,PERISSODACTYLA,TAPIRIDAE,Tapirus,bairdii,1,Jorge Picado,PNUD-Paisajes Productivos,2019-12-21,2020-03-28,,,Bushnell,Trophy Cam HD,,,,0,Brigada Tres Colinas
338,Biomonitoreo participativo ACLAP,CT-ACLAP-2019-2023-TC-01-1,9.12010704,-83.0803525,Tres Colinas - Huacas,Animal,2020-03-19,05:35:09,Tres Colinas_Danta (81).JPG,MAMMALIA,PERISSODACTYLA,TAPIRIDAE,Tapirus,bairdii,1,Jorge Picado,PNUD-Paisajes Productivos,2019-12-21,2020-03-28,,,Bushnell,Trophy Cam HD,,,,0,Brigada Tres Colinas
339,Biomonitoreo participativo ACLAP,CT-ACLAP-2019-2023-TC-01-1,9.12010704,-83.0803525,Tres Colinas - Huacas,Animal,2020-03-19,05:36:50,Tres Colinas_Danta (82).JPG,MAMMALIA,PERISSODACTYLA,TAPIRIDAE,Tapirus,bairdii,1,Jorge Picado,PNUD-Paisajes Productivos,2019-12-21,2020-03-28,,,Bushnell,Trophy Cam HD,,,,0,Brigada Tres Colinas
340,Biomonitoreo participativo ACLAP,CT-ACLAP-2019-2023-TC-01-1,9.12010704,-83.0803525,Tres Colinas - Huacas,Animal,2020-03-19,05:36:50,Tres Colinas_Danta (83).JPG,MAMMALIA,PERISSODACTYLA,TAPIRIDAE,Tapirus,bairdii,1,Jorge Picado,PNUD-Paisajes Productivos,2019-12-21,2020-03-28,,,Bushnell,Trophy Cam HD,,,,0,Brigada Tres Colinas
341,Biomonitoreo participativo ACLAP,CT-ACLAP-2019-2023-TC-01-1,9.12010704,-83.0803525,Tres Colinas - Huacas,Animal,2020-03-19,05:36:51,Tres Colinas_Danta (84).JPG,MAMMALIA,PERISSODACTYLA,TAPIRIDAE,Tapirus,bairdii,1,Jorge Picado,PNUD-Paisajes Productivos,2019-12-21,2020-03-28,,,Bushnell,Trophy Cam HD,,,,0,Brigada Tres Colinas
342,Biomonitoreo participativo ACLAP,CT-ACLAP-2019-2023-TC-01-1,9.12010704,-83.0803525,Tres Colinas - Huacas,Animal,2020-03-19,07:00:41,Tres Colinas_Danta (85).JPG,MAMMALIA,PERISSODACTYLA,TAPIRIDAE,Tapirus,bairdii,1,Jorge Picado,PNUD-Paisajes Productivos,2019-12-21,2020-03-28,,,Bushnell,Trophy Cam HD,,,,0,Brigada Tres Colinas
343,Biomonitoreo participativo ACLAP,CT-ACLAP-2019-2023-TC-01-1,9.12010704,-83.0803525,Tres Colinas - Huacas,Animal,2020-03-19,07:00:42,Tres Colinas_Danta (86).JPG,MAMMALIA,PERISSODACTYLA,TAPIRIDAE,Tapirus,bairdii,1,Jorge Picado,PNUD-Paisajes Productivos,2019-12-21,2020-03-28,,,Bushnell,Trophy Cam HD,,,,0,Brigada Tres Colinas
344,Biomonitoreo participativo ACLAP,CT-ACLAP-2019-2023-TC-01-1,9.12010704,-83.0803525,Tres Colinas - Huacas,Animal,2020-03-19,07:00:56,Tres Colinas_Danta (87).JPG,MAMMALIA,PERISSODACTYLA,TAPIRIDAE,Tapirus,bairdii,1,Jorge Picado,PNUD-Paisajes Productivos,2019-12-21,2020-03-28,,,Bushnell,Trophy Cam HD,,,,0,Brigada Tres Colinas
345,Biomonitoreo participativo ACLAP,CT-ACLAP-2019-2023-TC-01-1,9.12010704,-83.0803525,Tres Colinas - Huacas,Animal,2020-03-19,07:00:56,Tres Colinas_Danta (88).JPG,MAMMALIA,PERISSODACTYLA,TAPIRIDAE,Tapirus,bairdii,1,Jorge Picado,PNUD-Paisajes Productivos,2019-12-21,2020-03-28,,,Bushnell,Trophy Cam HD,,,,0,Brigada Tres Colinas
346,Biomonitoreo participativo ACLAP,CT-ACLAP-2019-2023-TC-01-1,9.12010704,-83.0803525,Tres Colinas - Huacas,Animal,2020-03-19,07:00:57,Tres Colinas_Danta (89).JPG,MAMMALIA,PERISSODACTYLA,TAPIRIDAE,Tapirus,bairdii,1,Jorge Picado,PNUD-Paisajes Productivos,2019-12-21,2020-03-28,,,Bushnell,Trophy Cam HD,,,,0,Brigada Tres Colinas
347,Biomonitoreo participativo ACLAP,CT-ACLAP-2019-2023-TC-01-1,9.12010704,-83.0803525,Tres Colinas - Huacas,Animal,2020-03-20,23:21:05,Tres Colinas_Danta (90).JPG,MAMMALIA,PERISSODACTYLA,TAPIRIDAE,Tapirus,bairdii,1,Jorge Picado,PNUD-Paisajes Productivos,2019-12-21,2020-03-28,,,Bushnell,Trophy Cam HD,,,,0,Brigada Tres Colinas
348,Biomonitoreo participativo ACLAP,CT-ACLAP-2019-2023-TC-01-1,9.12010704,-83.0803525,Tres Colinas - Huacas,Animal,2020-03-20,23:21:06,Tres Colinas_Danta (91).JPG,MAMMALIA,PERISSODACTYLA,TAPIRIDAE,Tapirus,bairdii,1,Jorge Picado,PNUD-Paisajes Productivos,2019-12-21,2020-03-28,,,Bushnell,Trophy Cam HD,,,,0,Brigada Tres Colinas
349,Biomonitoreo participativo ACLAP,CT-ACLAP-2019-2023-TC-01-1,9.12010704,-83.0803525,Tres Colinas - Huacas,Animal,2020-03-20,23:21:07,Tres Colinas_Danta (92).JPG,MAMMALIA,PERISSODACTYLA,TAPIRIDAE,Tapirus,bairdii,1,Jorge Picado,PNUD-Paisajes Productivos,2019-12-21,2020-03-28,,,Bushnell,Trophy Cam HD,,,,0,Brigada Tres Colinas
350,Biomonitoreo participativo ACLAP,CT-ACLAP-2019-2023-TC-01-1,9.12010704,-83.0803525,Tres Colinas - Huacas,Animal,2020-03-20,23:21:21,Tres Colinas_Danta (93).JPG,MAMMALIA,PERISSODACTYLA,TAPIRIDAE,Tapirus,bairdii,1,Jorge Picado,PNUD-Paisajes Productivos,2019-12-21,2020-03-28,,,Bushnell,Trophy Cam HD,,,,0,Brigada Tres Colinas
351,Biomonitoreo participativo ACLAP,CT-ACLAP-2019-2023-TC-01-1,9.12010704,-83.0803525,Tres Colinas - Huacas,Animal,2020-03-20,23:21:21,Tres Colinas_Danta (94).JPG,MAMMALIA,PERISSODACTYLA,TAPIRIDAE,Tapirus,bairdii,1,Jorge Picado,PNUD-Paisajes Productivos,2019-12-21,2020-03-28,,,Bushnell,Trophy Cam HD,,,,0,Brigada Tres Colinas
352,Biomonitoreo participativo ACLAP,CT-ACLAP-2019-2023-TC-01-1,9.12010704,-83.0803525,Tres Colinas - Huacas,Animal,2020-03-20,23:21:22,Tres Colinas_Danta (95).JPG,MAMMALIA,PERISSODACTYLA,TAPIRIDAE,Tapirus,bairdii,1,Jorge Picado,PNUD-Paisajes Productivos,2019-12-21,2020-03-28,,,Bushnell,Trophy Cam HD,,,,0,Brigada Tres Colinas
353,Biomonitoreo participativo ACLAP,CT-ACLAP-2019-2023-TC-01-1,9.12010704,-83.0803525,Tres Colinas - Huacas,Animal,2020-03-20,23:21:35,Tres Colinas_Danta (96).JPG,MAMMALIA,PERISSODACTYLA,TAPIRIDAE,Tapirus,bairdii,1,Jorge Picado,PNUD-Paisajes Productivos,2019-12-21,2020-03-28,,,Bushnell,Trophy Cam HD,,,,0,Brigada Tres Colinas
354,Biomonitoreo participativo ACLAP,CT-ACLAP-2019-2023-TC-01-1,9.12010704,-83.0803525,Tres Colinas - Huacas,Animal,2020-03-20,23:21:36,Tres Colinas_Danta (97).JPG,MAMMALIA,PERISSODACTYLA,TAPIRIDAE,Tapirus,bairdii,1,Jorge Picado,PNUD-Paisajes Productivos,2019-12-21,2020-03-28,,,Bushnell,Trophy Cam HD,,,,0,Brigada Tres Colinas
355,Biomonitoreo participativo ACLAP,CT-ACLAP-2019-2023-TC-01-1,9.12010704,-83.0803525,Tres Colinas - Huacas,Animal,2020-03-20,23:21:36,Tres Colinas_Danta (98).JPG,MAMMALIA,PERISSODACTYLA,TAPIRIDAE,Tapirus,bairdii,1,Jorge Picado,PNUD-Paisajes Productivos,2019-12-21,2020-03-28,,,Bushnell,Trophy Cam HD,,,,0,Brigada Tres Colinas
356,Biomonitoreo participativo ACLAP,CT-ACLAP-2019-2023-TC-01-1,9.12010704,-83.0803525,Tres Colinas - Huacas,Animal,2020-03-20,23:21:51,Tres Colinas_Danta (99).JPG,MAMMALIA,PERISSODACTYLA,TAPIRIDAE,Tapirus,bairdii,1,Jorge Picado,PNUD-Paisajes Productivos,2019-12-21,2020-03-28,,,Bushnell,Trophy Cam HD,,,,0,Brigada Tres Colinas
357,Biomonitoreo participativo ACLAP,CT-ACLAP-2019-2023-TC-01-1,9.12010704,-83.0803525,Tres Colinas - Huacas,Animal,2020-03-20,23:21:52,Tres Colinas_Danta (100).JPG,MAMMALIA,PERISSODACTYLA,TAPIRIDAE,Tapirus,bairdii,1,Jorge Picado,PNUD-Paisajes Productivos,2019-12-21,2020-03-28,,,Bushnell,Trophy Cam HD,,,,0,Brigada Tres Colinas
358,Biomonitoreo participativo ACLAP,CT-ACLAP-2019-2023-TC-01-1,9.12010704,-83.0803525,Tres Colinas - Huacas,Animal,2020-03-20,23:21:52,Tres Colinas_Danta (101).JPG,MAMMALIA,PERISSODACTYLA,TAPIRIDAE,Tapirus,bairdii,1,Jorge Picado,PNUD-Paisajes Productivos,2019-12-21,2020-03-28,,,Bushnell,Trophy Cam HD,,,,0,Brigada Tres Colinas
359,Biomonitoreo participativo ACLAP,CT-ACLAP-2019-2023-TC-01-1,9.12010704,-83.0803525,Tres Colinas - Huacas,Animal,2020-03-21,09:40:21,Tres Colinas_Pavas (2).JPG,AVES,GALLIFORMES,CRACIDAE,Crax,rubra,1,Jorge Picado,PNUD-Paisajes Productivos,2019-12-21,2020-03-28,,,Bushnell,Trophy Cam HD,,,,0,Brigada Tres Colinas
360,Biomonitoreo participativo ACLAP,CT-ACLAP-2019-2023-TC-01-1,9.12010704,-83.0803525,Tres Colinas - Huacas,Animal,2020-03-21,09:40:22,Tres Colinas_Pavas (1).JPG,AVES,GALLIFORMES,CRACIDAE,Crax,rubra,1,Jorge Picado,PNUD-Paisajes Productivos,2019-12-21,2020-03-28,,,Bushnell,Trophy Cam HD,,,,0,Brigada Tres Colinas
361,Biomonitoreo participativo ACLAP,CT-ACLAP-2019-2023-TC-01-1,9.12010704,-83.0803525,Tres Colinas - Huacas,Animal,2020-03-21,09:40:22,Tres Colinas_Pavas (3).JPG,AVES,GALLIFORMES,CRACIDAE,Crax,rubra,1,Jorge Picado,PNUD-Paisajes Productivos,2019-12-21,2020-03-28,,,Bushnell,Trophy Cam HD,,,,0,Brigada Tres Colinas
362,Biomonitoreo participativo ACLAP,CT-ACLAP-2019-2023-TC-01-1,9.12010704,-83.0803525,Tres Colinas - Huacas,Animal,2020-03-21,19:08:50,Tres Colinas_Zorro pelón (6).JPG,MAMMALIA,DIDELPHIMORPHIA,DIDELPHIDAE,Didelphis,marsupialis,1,Jorge Picado,PNUD-Paisajes Productivos,2019-12-21,2020-03-28,,,Bushnell,Trophy Cam HD,,,,0,Brigada Tres Colinas
363,Biomonitoreo participativo ACLAP,CT-ACLAP-2019-2023-TC-01-1,9.12010704,-83.0803525,Tres Colinas - Huacas,Animal,2020-03-21,19:08:51,Tres Colinas_Zorro pelón (7).JPG,MAMMALIA,DIDELPHIMORPHIA,DIDELPHIDAE,Didelphis,marsupialis,1,Jorge Picado,PNUD-Paisajes Productivos,2019-12-21,2020-03-28,,,Bushnell,Trophy Cam HD,,,,0,Brigada Tres Colinas
364,Biomonitoreo participativo ACLAP,CT-ACLAP-2019-2023-TC-01-1,9.12010704,-83.0803525,Tres Colinas - Huacas,Animal,2020-03-21,19:08:52,Tres Colinas_Zorro pelón (1).JPG,MAMMALIA,DIDELPHIMORPHIA,DIDELPHIDAE,Didelphis,marsupialis,1,Jorge Picado,PNUD-Paisajes Productivos,2019-12-21,2020-03-28,,,Bushnell,Trophy Cam HD,,,,0,Brigada Tres Colinas
365,Biomonitoreo participativo ACLAP,CT-ACLAP-2019-2023-TC-01-1,9.12010704,-83.0803525,Tres Colinas - Huacas,Animal,2020-03-22,01:55:50,Tres Colinas_Tepezcuintle (20).JPG,MAMMALIA,RODENTIA,CUNICULIDAE,Cuniculus,paca,1,Jorge Picado,PNUD-Paisajes Productivos,2019-12-21,2020-03-28,,,Bushnell,Trophy Cam HD,,,,0,Brigada Tres Colinas
366,Biomonitoreo participativo ACLAP,CT-ACLAP-2019-2023-TC-01-1,9.12010704,-83.0803525,Tres Colinas - Huacas,Animal,2020-03-22,01:55:51,Tres Colinas_Tepezcuintle (21).JPG,MAMMALIA,RODENTIA,CUNICULIDAE,Cuniculus,paca,1,Jorge Picado,PNUD-Paisajes Productivos,2019-12-21,2020-03-28,,,Bushnell,Trophy Cam HD,,,,0,Brigada Tres Colinas
367,Biomonitoreo participativo ACLAP,CT-ACLAP-2019-2023-TC-01-1,9.12010704,-83.0803525,Tres Colinas - Huacas,Animal,2020-03-22,01:55:51,Tres Colinas_Tepezcuintle (22).JPG,MAMMALIA,RODENTIA,CUNICULIDAE,Cuniculus,paca,1,Jorge Picado,PNUD-Paisajes Productivos,2019-12-21,2020-03-28,,,Bushnell,Trophy Cam HD,,,,0,Brigada Tres Colinas
368,Biomonitoreo participativo ACLAP,CT-ACLAP-2019-2023-TC-01-1,9.12010704,-83.0803525,Tres Colinas - Huacas,Animal,2020-03-23,21:25:00,Tres Colinas_Tepezcuintle (1).JPG,MAMMALIA,RODENTIA,CUNICULIDAE,Cuniculus,paca,1,Jorge Picado,PNUD-Paisajes Productivos,2019-12-21,2020-03-28,,,Bushnell,Trophy Cam HD,,,,0,Brigada Tres Colinas
369,Biomonitoreo participativo ACLAP,CT-ACLAP-2019-2023-TC-01-1,9.12010704,-83.0803525,Tres Colinas - Huacas,Animal,2020-03-23,21:25:00,Tres Colinas_Tepezcuintle (23).JPG,MAMMALIA,RODENTIA,CUNICULIDAE,Cuniculus,paca,1,Jorge Picado,PNUD-Paisajes Productivos,2019-12-21,2020-03-28,,,Bushnell,Trophy Cam HD,,,,0,Brigada Tres Colinas
370,Biomonitoreo participativo ACLAP,CT-ACLAP-2019-2023-TC-01-1,9.12010704,-83.0803525,Tres Colinas - Huacas,Animal,2020-03-24,06:24:11,Tres Colinas_Danta (102).JPG,MAMMALIA,PERISSODACTYLA,TAPIRIDAE,Tapirus,bairdii,1,Jorge Picado,PNUD-Paisajes Productivos,2019-12-21,2020-03-28,,,Bushnell,Trophy Cam HD,,,,0,Brigada Tres Colinas
371,Biomonitoreo participativo ACLAP,CT-ACLAP-2019-2023-TC-01-1,9.12010704,-83.0803525,Tres Colinas - Huacas,Animal,2020-03-24,06:24:11,Tres Colinas_Danta (103).JPG,MAMMALIA,PERISSODACTYLA,TAPIRIDAE,Tapirus,bairdii,1,Jorge Picado,PNUD-Paisajes Productivos,2019-12-21,2020-03-28,,,Bushnell,Trophy Cam HD,,,,0,Brigada Tres Colinas
372,Biomonitoreo participativo ACLAP,CT-ACLAP-2019-2023-TC-01-1,9.12010704,-83.0803525,Tres Colinas - Huacas,Animal,2020-03-24,06:24:12,Tres Colinas_Danta (104).JPG,MAMMALIA,PERISSODACTYLA,TAPIRIDAE,Tapirus,bairdii,1,Jorge Picado,PNUD-Paisajes Productivos,2019-12-21,2020-03-28,,,Bushnell,Trophy Cam HD,,,,0,Brigada Tres Colinas
373,Biomonitoreo participativo ACLAP,CT-ACLAP-2019-2023-TC-01-1,9.12010704,-83.0803525,Tres Colinas - Huacas,Animal,2020-03-24,06:24:25,Tres Colinas_Danta (105).JPG,MAMMALIA,PERISSODACTYLA,TAPIRIDAE,Tapirus,bairdii,1,Jorge Picado,PNUD-Paisajes Productivos,2019-12-21,2020-03-28,,,Bushnell,Trophy Cam HD,,,,0,Brigada Tres Colinas
374,Biomonitoreo participativo ACLAP,CT-ACLAP-2019-2023-TC-01-1,9.12010704,-83.0803525,Tres Colinas - Huacas,Animal,2020-03-24,06:24:26,Tres Colinas_Danta (106).JPG,MAMMALIA,PERISSODACTYLA,TAPIRIDAE,Tapirus,bairdii,1,Jorge Picado,PNUD-Paisajes Productivos,2019-12-21,2020-03-28,,,Bushnell,Trophy Cam HD,,,,0,Brigada Tres Colinas
375,Biomonitoreo participativo ACLAP,CT-ACLAP-2019-2023-TC-01-1,9.12010704,-83.0803525,Tres Colinas - Huacas,Animal,2020-03-24,06:24:27,Tres Colinas_Danta (107).JPG,MAMMALIA,PERISSODACTYLA,TAPIRIDAE,Tapirus,bairdii,1,Jorge Picado,PNUD-Paisajes Productivos,2019-12-21,2020-03-28,,,Bushnell,Trophy Cam HD,,,,0,Brigada Tres Colinas
376,Biomonitoreo participativo ACLAP,CT-ACLAP-2019-2023-TC-01-1,9.12010704,-83.0803525,Tres Colinas - Huacas,Animal,2020-03-24,06:24:42,Tres Colinas_Danta (108).JPG,MAMMALIA,PERISSODACTYLA,TAPIRIDAE,Tapirus,bairdii,1,Jorge Picado,PNUD-Paisajes Productivos,2019-12-21,2020-03-28,,,Bushnell,Trophy Cam HD,,,,0,Brigada Tres Colinas
377,Biomonitoreo participativo ACLAP,CT-ACLAP-2019-2023-TC-01-1,9.12010704,-83.0803525,Tres Colinas - Huacas,Animal,2020-03-24,06:24:43,Tres Colinas_Danta (109).JPG,MAMMALIA,PERISSODACTYLA,TAPIRIDAE,Tapirus,bairdii,1,Jorge Picado,PNUD-Paisajes Productivos,2019-12-21,2020-03-28,,,Bushnell,Trophy Cam HD,,,,0,Brigada Tres Colinas
378,Biomonitoreo participativo ACLAP,CT-ACLAP-2019-2023-TC-01-1,9.12010704,-83.0803525,Tres Colinas - Huacas,Animal,2020-03-24,06:24:43,Tres Colinas_Danta (110).JPG,MAMMALIA,PERISSODACTYLA,TAPIRIDAE,Tapirus,bairdii,1,Jorge Picado,PNUD-Paisajes Productivos,2019-12-21,2020-03-28,,,Bushnell,Trophy Cam HD,,,,0,Brigada Tres Colinas
379,Biomonitoreo participativo ACLAP,CT-ACLAP-2019-2023-TC-01-1,9.12010704,-83.0803525,Tres Colinas - Huacas,Animal,2020-03-24,06:24:57,Tres Colinas_Danta (111).JPG,MAMMALIA,PERISSODACTYLA,TAPIRIDAE,Tapirus,bairdii,1,Jorge Picado,PNUD-Paisajes Productivos,2019-12-21,2020-03-28,,,Bushnell,Trophy Cam HD,,,,0,Brigada Tres Colinas
380,Biomonitoreo participativo ACLAP,CT-ACLAP-2019-2023-TC-01-1,9.12010704,-83.0803525,Tres Colinas - Huacas,Animal,2020-03-24,06:24:58,Tres Colinas_Danta (112).JPG,MAMMALIA,PERISSODACTYLA,TAPIRIDAE,Tapirus,bairdii,1,Jorge Picado,PNUD-Paisajes Productivos,2019-12-21,2020-03-28,,,Bushnell,Trophy Cam HD,,,,0,Brigada Tres Colinas
381,Biomonitoreo participativo ACLAP,CT-ACLAP-2019-2023-TC-01-1,9.12010704,-83.0803525,Tres Colinas - Huacas,Animal,2020-03-24,06:24:58,Tres Colinas_Danta (113).JPG,MAMMALIA,PERISSODACTYLA,TAPIRIDAE,Tapirus,bairdii,1,Jorge Picado,PNUD-Paisajes Productivos,2019-12-21,2020-03-28,,,Bushnell,Trophy Cam HD,,,,0,Brigada Tres Colinas
382,Biomonitoreo participativo ACLAP,CT-ACLAP-2019-2023-TC-01-1,9.12010704,-83.0803525,Tres Colinas - Huacas,Animal,2020-03-24,06:25:12,Tres Colinas_Danta (114).JPG,MAMMALIA,PERISSODACTYLA,TAPIRIDAE,Tapirus,bairdii,1,Jorge Picado,PNUD-Paisajes Productivos,2019-12-21,2020-03-28,,,Bushnell,Trophy Cam HD,,,,0,Brigada Tres Colinas
383,Biomonitoreo participativo ACLAP,CT-ACLAP-2019-2023-TC-01-1,9.12010704,-83.0803525,Tres Colinas - Huacas,Animal,2020-03-24,06:25:12,Tres Colinas_Danta (115).JPG,MAMMALIA,PERISSODACTYLA,TAPIRIDAE,Tapirus,bairdii,1,Jorge Picado,PNUD-Paisajes Productivos,2019-12-21,2020-03-28,,,Bushnell,Trophy Cam HD,,,,0,Brigada Tres Colinas
384,Biomonitoreo participativo ACLAP,CT-ACLAP-2019-2023-TC-01-1,9.12010704,-83.0803525,Tres Colinas - Huacas,Animal,2020-03-24,06:25:13,Tres Colinas_Danta (116).JPG,MAMMALIA,PERISSODACTYLA,TAPIRIDAE,Tapirus,bairdii,1,Jorge Picado,PNUD-Paisajes Productivos,2019-12-21,2020-03-28,,,Bushnell,Trophy Cam HD,,,,0,Brigada Tres Colinas
385,Biomonitoreo participativo ACLAP,CT-ACLAP-2019-2023-TC-01-1,9.12010704,-83.0803525,Tres Colinas - Huacas,Animal,2020-03-26,00:48:07,Tres Colinas_Danta (117).JPG,MAMMALIA,PERISSODACTYLA,TAPIRIDAE,Tapirus,bairdii,1,Jorge Picado,PNUD-Paisajes Productivos,2019-12-21,2020-03-28,,,Bushnell,Trophy Cam HD,,,,0,Brigada Tres Colinas
386,Biomonitoreo participativo ACLAP,CT-ACLAP-2019-2023-TC-01-1,9.12010704,-83.0803525,Tres Colinas - Huacas,Animal,2020-03-26,00:48:07,Tres Colinas_Danta (118).JPG,MAMMALIA,PERISSODACTYLA,TAPIRIDAE,Tapirus,bairdii,1,Jorge Picado,PNUD-Paisajes Productivos,2019-12-21,2020-03-28,,,Bushnell,Trophy Cam HD,,,,0,Brigada Tres Colinas
387,Biomonitoreo participativo ACLAP,CT-ACLAP-2019-2023-TC-01-1,9.12010704,-83.0803525,Tres Colinas - Huacas,Animal,2020-03-26,00:48:08,Tres Colinas_Danta (119).JPG,MAMMALIA,PERISSODACTYLA,TAPIRIDAE,Tapirus,bairdii,1,Jorge Picado,PNUD-Paisajes Productivos,2019-12-21,2020-03-28,,,Bushnell,Trophy Cam HD,,,,0,Brigada Tres Colinas
388,Biomonitoreo participativo ACLAP,CT-ACLAP-2019-2023-TC-01-1,9.12010704,-83.0803525,Tres Colinas - Huacas,Animal,2020-03-28,04:42:34,Tres Colinas_Danta (1).JPG,MAMMALIA,PERISSODACTYLA,TAPIRIDAE,Tapirus,bairdii,1,Jorge Picado,PNUD-Paisajes Productivos,2019-12-21,2020-03-28,,,Bushnell,Trophy Cam HD,,,,0,Brigada Tres Colinas
389,Biomonitoreo participativo ACLAP,CT-ACLAP-2019-2023-TC-01-1,9.12010704,-83.0803525,Tres Colinas - Huacas,Animal,2020-03-28,04:42:34,Tres Colinas_Danta (120).JPG,MAMMALIA,PERISSODACTYLA,TAPIRIDAE,Tapirus,bairdii,1,Jorge Picado,PNUD-Paisajes Productivos,2019-12-21,2020-03-28,,,Bushnell,Trophy Cam HD,,,,0,Brigada Tres Colinas
